source_damage_sample,source_idle_sample
10,43.025
12,13.55
16,12.2
12,27.4
10,13.15
12,2.75
16,7.825
17,5.6
8,11.15
4,16.975
11,4.775
10,19.825
4,0.7
12,11.425
10,7.2
12,16.4
10,28.325
10,10.55
10,9.3
12,14.3
4,4.3
10,4.3
18,3.7
12,17.925
8,0.9
4,21.75
16,26.425
10,10.75
10,8.3
2,17.35
9,2.175
1,13.15
2,4.325
10,21.35
22,7.925
12,10.975
6,7.825
4,11.375
12,8.275
2,9.7
12,3.05
13,11.1
10,10.4
6,13.625
8,12.875
10,17.275
16,2.4
9,16.9
19,9.225
2,9.175
10,9.225
4,11.4
4,1.475
10,9.225
16,18.55
10,16.1
12,6.15
1,19.225
2,1.35
4,6.35
4,2.575
4,6.475
18,8.05
6,5.0
12,10.8
13,18.85
8,12.4
14,12.4
4,6.025
18,25.575
16,18.75
8,29.225
4,26.1
16,14.4
8,10.375
10,8.7
2,4.875
4,4.875
10,50.925
10,4.3
8,20.325
2,8.35
16,19.275
8,5.7
3,5.175
10,18.75
20,5.625
1,46.775
10,12.45
14,12.45
10,6.9
12,2.05
8,20.125
4,6.475
20,12.0
8,10.1
5,8.9
12,3.9
12,7.725
16,9.55
8,17.95
4,6.725
6,6.5
8,18.7
2,10.05
8,14.55
5,10.725
10,27.3
10,17.35
10,16.85
8,24.675
4,5.35
2,2.5
10,6.875
14,3.55
15,31.35
10,6.625
6,36.175
10,2.35
12,23.875
2,35.15
4,36.9
7,3.3
6,0.625
10,5.525
17,5.525
10,5.625
5,28.9
5,45.35
10,21.0
8,4.925
18,19.6
12,4.925
4,10.85
10,10.075
6,18.6
13,13.9
4,22.65
14,11.825
8,10.625
2,11.725
14,20.2
2,3.975
10,18.575
7,7.225
8,16.825
8,2.95
2,2.95
5,7.475
5,6.825
7,16.8
8,6.15
8,8.1
16,5.775
15,4.425
13,1.325
8,8.15
8,1.75
10,3.45
21,3.45
10,0.85
4,13.7
10,9.2
10,8.1
13,19.65
16,12.95
25,19.3
12,10.65
10,19.875
5,7.025
17,0.575
5,0.575
4,2.95
4,14.05
4,7.925
8,14.125
10,32.425
10,29.725
13,5.875
1,2.15
8,10.6
10,3.75
7,3.2
7,10.8
5,20.875
10,28.725
12,21.675
10,28.6
18,27.8
14,28.725
5,5.725
20,10.725
6,11.6
14,29.375
14,0.4
4,0.4
11,3.1
1,36.95
10,12.25
16,3.925
16,12.7
5,7.175
5,5.825
5,27.05
8,5.7
4,30.1
8,20.75
22,3.275
10,2.15
8,12.85
5,6.9
10,15.45
12,1.9
10,20.375
12,4.075
16,8.4
18,0.025
6,4.35
7,5.0
3,0.925
5,5.15
17,13.125
15,7.55
5,11.15
5,10.675
11,18.6
5,10.65
4,11.125
2,11.3
5,6.775
2,21.825
4,17.45
8,2.45
5,1.525
17,4.75
18,17.15
17,5.525
5,11.425
4,6.85
10,24.25
8,1.4
1,1.4
5,3.65
10,3.65
13,14.95
7,14.025
12,4.8
9,14.45
5,14.225
4,6.775
2,17.65
5,2.025
6,7.45
12,14.475
14,8.75
14,13.75
6,8.2
4,8.35
10,4.35
5,12.55
12,6.725
11,11.875
8,22.95
4,22.95
5,9.725
4,2.15
5,25.7
6,7.9
10,38.65
8,27.425
2,22.125
1,10.9
10,6.825
12,24.625
8,13.875
6,8.875
16,16.45
10,16.45
10,7.95
6,21.7
8,8.675
2,41.175
16,17.0
2,10.925
12,14.325
4,0.9
6,19.45
14,18.375
10,5.625
2,7.9
12,5.825
6,23.175
6,8.025
4,6.05
10,3.175
10,8.175
4,1.55
8,1.55
18,6.675
16,6.675
8,4.45
8,17.45
13,1.75
4,19.75
12,2.975
12,25.95
20,14.575
10,9.575
10,3.55
10,9.2
10,8.475
10,13.475
12,0.825
6,16.675
9,6.25
8,27.1
12,14.575
4,55.675
6,7.125
10,9.2
15,12.35
12,11.6
6,8.4
14,3.15
2,3.425
8,6.4
2,12.95
3,7.95
16,2.2
4,2.2
10,37.125
20,24.15
9,19.775
4,6.2
10,6.7
4,4.375
10,14.05
14,16.575
2,5.1
4,5.1
10,22.25
12,12.525
10,11.475
15,23.0
2,14.775
6,35.35
12,12.125
11,18.85
2,20.6
10,4.4
14,20.675
5,7.15
16,21.525
6,19.725
11,10.925
8,8.25
12,4.125
16,26.5
20,7.225
12,7.225
17,7.05
12,12.05
9,7.325
5,7.325
17,0.775
10,8.25
13,4.425
9,9.9
10,2.65
12,3.75
11,10.15
8,6.875
2,11.525
8,6.65
8,2.95
15,1.55
11,5.85
7,2.675
18,6.75
8,28.9
7,9.975
2,35.3
5,8.125
10,6.725
2,3.65
8,29.425
5,20.5
8,0.1
14,17.125
20,19.75
16,17.125
4,24.475
10,1.925
8,14.875
2,15.5
10,12.775
12,3.675
8,3.675
10,25.925
10,1.35
17,3.1
5,1.0
13,12.25
4,7.7
5,26.075
6,10.4
10,16.375
12,27.5
14,4.95
10,27.5
10,11.875
10,14.25
14,0.85
6,5.975
10,7.075
13,3.95
2,4.975
12,1.475
4,7.2
14,7.2
15,6.15
10,2.0
17,6.15
18,11.15
10,7.925
10,15.85
10,1.475
10,10.85
12,1.575
10,0.45
16,8.675
7,16.8
10,9.25
13,16.7
14,8.675
4,12.125
4,3.375
4,20.575
15,4.0
7,61.95
6,4.225
13,4.675
18,5.775
8,2.55
10,7.45
2,4.525
2,24.45
10,3.975
18,0.85
5,0.85
18,1.325
10,11.075
10,10.2
10,0.1
10,11.8
18,0.125
17,18.175
10,7.625
7,5.225
12,9.975
10,14.375
2,14.175
12,5.3
10,15.05
10,3.225
15,5.075
10,3.05
10,3.05
12,0.225
15,0.225
11,1.15
8,13.525
2,8.375
12,6.0
17,2.45
13,9.575
10,2.825
10,20.775
12,27.15
12,4.95
18,12.225
16,29.425
6,4.35
4,10.35
1,6.55
5,5.55
10,19.45
1,19.475
5,0.175
12,7.775
16,8.65
2,15.65
4,14.2
4,16.2
18,2.725
10,21.525
14,7.1
5,11.925
5,14.475
8,27.075
14,14.875
10,4.325
8,7.0
7,18.225
2,0.175
1,6.5
20,12.4
12,0.85
3,14.475
5,2.425
13,2.5
2,6.325
2,25.9
5,2.825
6,25.9
10,14.35
10,9.7
10,3.175
15,10.95
19,15.95
15,9.875
5,7.425
10,14.7
5,3.175
5,17.65
15,1.925
2,19.6
6,18.0
10,21.975
10,6.575
4,5.95
6,9.875
9,17.9
7,9.3
10,2.075
10,12.325
10,8.65
3,18.9
7,13.425
7,12.1
3,16.75
10,7.875
10,1.775
9,7.875
7,9.55
15,7.875
7,3.625
15,6.4
4,10.95
14,16.825
16,13.175
9,0.95
1,7.275
8,7.275
2,10.725
12,27.75
10,5.925
10,23.375
1,11.375
10,8.55
7,11.975
10,9.35
10,15.85
15,15.25
10,18.325
17,16.3
10,10.675
13,42.675
2,6.125
5,2.525
5,14.575
15,3.2
8,17.9
18,6.6
10,3.625
7,10.775
1,4.025
10,8.55
14,27.125
12,33.75
18,3.85
4,14.125
10,36.3
12,9.475
14,10.95
14,10.95
14,2.35
8,13.175
16,4.35
8,13.625
25,13.425
7,11.4
17,10.8
4,13.775
7,13.425
10,8.425
11,0.35
17,30.825
7,26.05
26,11.525
7,44.3
17,19.775
4,11.675
4,27.025
8,12.375
16,44.525
4,0.625
18,46.6
4,6.825
4,6.825
17,7.45
16,10.375
12,8.6
16,15.125
16,17.675
16,11.15
12,0.65
12,5.425
12,8.1
12,12.85
12,9.45
15,9.425
8,9.875
10,4.875
12,32.15
1,0.65
12,5.475
12,4.9
14,5.475
16,31.625
4,4.775
7,9.775
11,13.65
5,3.775
8,17.95
3,15.6
10,8.325
4,26.125
10,6.125
14,15.85
9,5.775
4,9.3
9,11.125
9,6.125
12,12.95
8,4.425
3,32.975
4,2.525
10,0.05
11,3.675
4,24.925
4,16.275
10,15.2
19,17.25
12,1.175
9,6.625
9,4.75
10,15.45
12,14.275
12,1.7
4,2.075
20,4.275
4,21.7
15,7.025
2,25.95
8,16.275
10,6.95
9,6.95
2,5.05
5,15.0
15,20.95
8,6.0
4,16.5
4,6.55
7,7.775
9,10.1
1,9.6
8,11.925
4,3.025
12,3.025
11,3.55
8,17.25
7,13.625
8,8.675
16,19.275
8,13.325
8,14.95
4,9.95
12,36.2
8,13.275
8,32.75
4,14.825
2,7.725
7,7.3
12,7.075
8,7.075
4,7.225
10,7.225
12,8.475
14,8.475
7,7.225
11,7.225
8,12.125
8,7.125
12,12.125
16,21.15
4,2.375
12,2.375
12,3.175
12,17.2
10,1.95
12,20.5
12,16.85
4,21.85
12,10.75
12,5.975
4,5.4
4,5.325
8,1.775
8,50.5
2,31.65
12,14.625
8,14.575
4,14.625
12,3.575
18,15.35
18,4.025
2,15.35
12,12.025
4,12.475
20,5.875
14,5.425
8,31.875
11,46.35
4,9.2
12,13.45
18,20.55
4,9.75
2,12.375
16,16.625
19,15.175
2,7.125
2,18.5
12,12.7
18,14.775
2,21.325
17,6.175
17,6.175
4,4.575
10,4.575
4,23.1
12,28.325
8,9.525
8,7.825
8,15.075
5,8.375
4,16.8
12,5.4
10,7.6
16,24.0
10,31.975
17,29.55
10,3.1
10,3.1
10,2.075
14,26.775
19,7.525
6,19.05
13,26.775
10,24.25
6,16.975
8,25.975
5,1.6
9,11.35
5,5.85
18,25.175
10,9.575
16,12.675
10,6.6
14,11.6
10,2.9
5,9.65
12,14.425
19,4.25
1,2.625
8,17.075
12,2.625
10,13.7
10,0.4
10,0.4
2,2.575
4,14.175
7,18.95
10,5.475
4,5.7
10,37.675
8,3.45
1,6.75
12,15.825
5,2.425
8,14.625
5,28.575
22,14.625
5,5.425
10,8.9
4,39.325
18,17.9
17,9.2
5,8.9
6,39.325
18,0.4
10,0.4
12,5.45
14,22.725
14,6.125
14,17.025
13,6.55
6,5.15
12,16.825
20,16.7
14,6.625
5,23.8
8,9.625
5,12.25
4,13.45
10,8.45
10,6.7
10,13.45
10,5.05
12,21.45
10,8.425
10,24.875
10,4.3
13,9.975
10,6.4
5,7.075
10,13.85
14,8.55
10,13.55
10,13.85
1,0.55
9,0.55
5,3.95
5,22.1
10,20.4
16,28.125
14,17.425
5,4.8
5,14.875
8,16.275
14,21.025
14,9.9
5,14.875
12,3.425
1,5.925
7,6.05
5,8.1
16,7.5
8,9.4
17,12.075
8,5.6
10,17.0
4,8.775
18,16.725
2,22.5
15,33.25
1,12.25
7,30.95
11,5.925
5,11.075
12,8.875
5,12.625
10,8.125
15,8.125
10,9.175
10,26.525
12,0.575
4,0.575
15,20.0
7,36.375
14,35.675
12,24.3
4,36.85
12,41.85
10,22.425
2,14.125
12,20.55
6,15.55
10,14.125
16,18.6
8,25.1
10,15.625
12,13.2
5,0.25
16,3.25
3,115.2
8,10.3
14,6.4
2,11.2
20,22.7
1,10.875
1,24.625
11,18.625
5,11.175
8,3.725
16,5.125
6,13.1
4,6.125
14,10.75
6,8.575
10,8.7
6,6.525
4,18.45
18,8.675
4,15.125
15,17.3
4,14.85
10,6.875
6,10.75
12,54.05
11,12.325
4,10.875
8,16.05
8,15.725
16,21.175
8,16.175
5,12.625
4,6.475
2,19.9
8,8.75
7,3.9
20,15.175
10,5.625
2,6.825
10,18.025
8,27.025
4,12.425
14,41.6
5,4.05
12,15.425
8,3.45
8,18.3
10,7.75
17,23.475
10,24.375
6,23.5
3,0.1
12,4.125
11,0.5
13,2.125
2,5.575
10,14.25
4,7.275
12,6.7
11,8.5
14,22.65
8,1.95
4,1.95
8,5.3
8,5.3
12,12.925
4,2.075
2,7.75
8,7.75
6,12.925
12,1.925
10,4.075
10,3.95
20,3.475
9,6.35
10,11.875
2,16.875
8,8.65
6,22.025
2,6.325
7,24.7
14,7.35
10,12.35
10,1.65
1,11.65
10,3.25
10,19.5
8,8.025
4,4.425
17,5.6
4,6.575
17,6.25
7,44.85
12,14.875
10,7.3
10,5.15
12,42.775
7,7.575
10,6.0
10,4.025
10,3.525
10,1.275
19,3.95
6,10.575
6,11.325
7,1.425
21,6.8
2,8.925
21,2.775
10,7.525
10,3.925
10,2.725
10,3.925
10,4.875
10,4.875
3,5.725
8,6.3
5,8.875
5,8.25
20,5.8
2,4.675
17,0.9
5,10.2
10,23.625
11,10.625
10,3.95
13,24.0
5,25.1
12,17.05
4,6.75
10,9.5
3,3.675
10,9.55
9,4.2
10,3.0
4,3.675
10,9.55
4,9.925
6,5.175
15,2.925
10,12.25
12,4.55
12,1.475
5,9.775
22,2.975
11,3.775
10,4.425
14,9.175
12,12.925
16,7.025
18,13.175
2,9.325
13,19.25
5,4.175
9,14.325
5,5.325
10,6.725
7,11.325
4,14.875
5,2.9
14,2.9
12,6.975
16,11.975
1,32.325
10,29.925
7,23.825
10,3.5
18,23.175
10,3.95
7,0.1
4,0.1
16,8.6
11,2.5
4,2.3
10,6.2
13,3.5
14,6.575
6,9.55
10,18.65
4,2.925
8,12.05
13,12.575
5,20.35
14,6.625
15,20.725
18,4.25
4,0.05
10,12.325
22,34.225
3,15.425
13,27.15
2,15.4
8,10.4
4,10.2
8,19.05
8,21.25
10,6.45
12,10.2
17,24.05
12,0.2
15,29.2
4,6.0
8,3.525
13,20.975
17,13.5
17,8.8
7,9.45
8,6.825
7,13.5
1,12.85
10,14.2
7,0.175
10,5.55
12,8.65
7,5.075
1,16.25
1,21.25
10,3.85
14,3.85
10,8.9
8,7.525
2,10.8
12,2.025
8,16.9
1,7.975
16,11.8
20,6.8
4,17.425
10,27.175
13,31.5
1,1.925
2,31.375
12,13.675
5,4.15
10,6.6
16,7.175
11,15.375
5,2.875
10,11.5
11,28.45
5,15.75
10,11.375
7,29.075
9,6.975
5,1.275
5,1.875
1,6.0
12,3.1
17,24.15
5,8.075
10,7.775
5,8.2
7,0.325
5,2.9
5,9.4
10,0.925
13,0.925
5,15.3
5,2.65
17,17.25
12,17.25
12,25.4
4,49.3
14,28.25
6,13.425
5,3.725
2,13.25
11,10.95
5,7.375
5,14.875
4,9.875
7,17.25
14,39.5
19,16.075
10,11.075
11,30.7
10,25.7
8,27.875
15,22.875
10,25.075
4,60.875
4,22.875
7,17.875
7,25.65
15,30.65
10,3.075
10,8.075
10,22.7
10,21.275
5,14.2
8,16.525
2,27.1
19,5.3
5,6.9
10,17.025
15,41.65
10,17.9
14,40.65
10,22.875
10,22.875
18,65.1
18,12.575
17,11.05
2,6.825
5,20.825
15,35.875
14,2.575
3,20.225
8,15.225
10,15.225
15,17.95
5,15.725
2,14.75
12,16.175
8,14.825
10,12.55
18,7.175
14,0.425
5,25.0
14,12.425
14,16.425
15,13.675
19,17.675
5,14.8
10,19.8
11,9.85
5,10.65
12,10.925
8,5.925
2,34.85
19,6.35
5,22.0
4,27.0
14,61.325
7,18.825
2,10.25
10,15.25
16,19.0
9,14.0
10,38.525
8,5.875
10,6.525
4,11.525
8,22.825
2,10.75
6,8.7
12,13.675
3,9.075
5,4.075
1,31.4
11,12.625
12,22.7
2,11.225
11,10.675
3,2.875
14,18.6
15,10.5
6,0.775
4,15.925
8,22.675
5,17.55
10,16.775
5,15.175
10,3.35
8,3.0
20,8.45
15,7.15
18,8.375
12,4.275
16,4.4
17,20.15
10,13.775
17,25.075
8,23.55
6,15.45
1,15.975
10,1.15
10,7.075
6,17.275
10,4.375
7,8.475
1,15.675
12,3.175
2,10.35
12,1.35
14,15.95
16,7.775
8,16.675
4,3.95
1,48.525
10,16.3
10,49.1
9,14.0
2,12.325
3,7.325
10,18.975
11,2.725
3,18.975
5,0.45
2,25.7
14,1.85
10,5.625
10,19.6
1,9.775
10,8.675
4,4.875
8,7.15
8,11.925
20,9.775
9,9.65
11,11.4
6,18.175
15,8.425
9,7.1
14,12.1
10,3.175
13,6.175
4,3.325
10,8.1
10,8.475
16,23.475
10,0.525
10,23.125
10,10.875
10,20.55
10,14.5
4,19.05
10,3.2
5,1.25
5,19.2
10,9.225
12,1.325
18,4.575
8,7.675
18,4.95
11,3.45
2,10.425
8,4.775
12,9.2
5,10.725
12,10.95
2,8.775
10,12.05
4,17.25
6,13.4
10,16.875
6,11.3
12,3.95
13,11.825
10,18.175
12,3.7
26,4.75
4,3.3
17,20.075
10,6.325
8,3.5
17,12.225
12,12.225
18,7.225
18,8.925
18,5.925
16,7.15
5,4.15
12,8.9
10,7.15
17,6.0
14,6.175
14,3.225
18,8.225
12,11.175
2,12.925
20,6.625
23,13.55
12,0.8
12,6.225
10,11.525
10,16.525
10,7.1
8,5.375
10,7.75
10,17.2
10,8.375
16,11.55
14,61.65
10,9.625
17,9.25
18,11.975
14,3.375
12,14.025
7,15.525
4,15.1
2,6.3
10,3.375
5,4.7
5,4.75
14,7.725
6,4.225
10,5.1
11,5.95
11,9.7
9,4.7
5,9.225
11,4.225
10,24.525
16,7.6
8,8.7
12,8.0
20,20.5
14,3.3
10,11.725
14,19.5
15,11.25
8,4.35
16,2.85
12,5.2
10,4.675
10,10.5
10,5.2
19,10.2
10,12.325
17,8.15
12,7.675
6,8.825
14,21.95
8,10.225
9,6.775
5,11.775
5,24.45
7,1.15
10,5.65
10,7.475
15,2.65
8,14.975
9,6.4
10,35.3
2,25.525
10,5.1
10,11.45
19,6.45
18,8.225
15,19.175
5,11.25
10,25.825
6,13.8
14,5.525
2,14.45
4,15.8
6,16.3
1,32.075
2,32.825
16,11.9
10,11.175
10,11.95
13,18.4
18,7.625
5,0.725
6,7.625
2,24.875
25,22.225
10,4.175
10,28.425
10,0.2
12,6.775
10,6.325
10,7.025
23,10.0
9,3.575
10,11.65
10,11.775
9,29.975
8,13.925
7,7.175
10,8.075
14,0.225
4,11.0
4,12.725
1,96.725
12,10.875
14,12.825
4,11.625
10,13.575
6,7.625
11,19.75
14,19.0
10,5.675
7,7.975
10,10.425
7,34.775
10,9.575
21,7.125
3,9.575
10,17.325
17,9.575
6,17.975
10,35.35
10,44.075
10,11.625
21,3.075
17,14.7
9,16.175
7,11.175
2,7.725
14,2.725
16,58.075
10,15.725
8,12.7
5,16.125
10,13.925
4,5.075
7,8.55
13,25.825
7,9.55
4,64.175
15,8.175
12,66.65
15,14.375
9,69.0
10,13.375
15,11.3
13,6.3
1,11.3
10,23.575
4,10.3
10,14.675
6,4.675
10,22.5
15,11.975
3,7.125
12,22.125
14,12.675
10,7.725
3,5.425
5,23.775
6,2.95
16,10.725
5,43.775
12,13.0
10,14.225
4,21.025
17,42.425
10,10.075
6,8.5
6,11.4
10,6.625
5,8.5
12,4.925
2,4.5
2,7.025
7,12.025
9,16.3
14,9.3
2,6.875
10,7.525
1,7.325
5,6.425
5,17.425
10,13.925
7,7.25
10,5.325
10,1.55
6,10.45
5,14.85
14,0.675
10,6.55
17,11.55
10,21.3
10,13.475
10,3.975
5,8.45
10,3.925
2,11.925
15,18.35
12,13.35
10,21.725
14,9.05
19,8.05
2,12.0
7,8.675
10,18.425
19,7.225
6,12.225
5,1.0
4,17.9
13,9.4
2,19.875
1,7.175
6,8.425
3,11.225
14,8.425
10,11.15
8,6.15
7,9.0
10,8.05
12,3.15
2,15.75
3,9.25
7,6.575
6,11.375
3,11.15
1,16.875
8,11.375
3,8.825
10,11.375
13,1.475
10,0.825
1,5.575
10,13.325
12,3.875
4,13.025
1,24.925
4,5.1
5,4.025
3,8.475
3,16.15
3,15.5
5,18.9
11,18.975
14,6.6
5,21.75
10,32.35
4,8.925
14,1.475
6,16.775
10,33.05
5,1.275
5,21.55
10,21.55
10,5.775
14,20.125
10,41.625
1,41.625
12,44.025
5,20.95
18,58.375
13,30.25
5,33.6
10,38.6
2,12.875
10,5.275
12,5.025
9,24.425
6,6.825
4,24.425
3,16.95
10,5.75
10,31.5
2,36.025
10,8.8
5,11.6
5,22.05
14,20.95
15,23.05
8,13.025
2,11.5
5,23.05
6,17.35
12,13.875
8,6.75
16,3.5
15,6.75
14,3.5
5,38.15
7,14.475
19,25.0
9,5.825
10,19.125
10,24.125
17,22.65
19,19.95
1,15.075
8,20.075
10,20.775
8,3.375
12,2.625
5,28.325
7,5.225
5,9.725
4,19.825
1,16.5
10,29.675
1,24.7
11,23.375
5,29.675
13,38.675
5,43.675
12,41.2
20,56.35
10,5.35
10,26.325
10,28.825
4,25.975
5,5.325
12,26.3
13,43.225
10,18.35
8,15.475
12,14.425
15,30.175
12,25.175
8,10.025
8,29.825
15,19.425
6,33.8
10,15.375
19,13.5
10,13.075
16,20.375
15,21.1
16,35.975
2,22.0
5,6.725
2,9.15
12,14.15
12,16.65
2,14.975
2,8.825
13,16.875
8,8.9
7,13.9
19,13.25
6,23.625
12,0.7
19,26.625
6,9.775
5,22.075
2,5.475
2,3.575
12,3.325
8,11.2
13,3.3
4,32.725
10,12.475
2,31.725
13,9.775
8,0.35
15,18.35
4,4.75
10,28.15
14,26.25
10,29.4
10,50.1
10,38.825
2,33.825
12,45.1
10,50.1
13,54.55
7,47.7
9,9.525
16,9.525
10,8.45
19,13.45
2,4.725
10,17.025
17,3.825
8,35.225
5,3.575
10,4.025
9,20.4
5,3.975
5,59.075
10,3.1
17,10.15
14,3.125
8,11.4
17,11.4
5,17.125
15,56.35
2,38.875
10,22.15
6,22.15
8,17.15
8,63.975
12,17.425
12,4.875
18,70.075
4,90.175
8,2.925
10,90.175
12,2.925
10,22.125
8,16.25
3,13.55
10,22.125
9,18.925
10,14.25
6,13.425
5,28.825
7,10.175
12,29.575
1,5.225
2,16.125
10,31.95
15,16.55
14,8.775
1,0.85
9,4.7
10,69.35
10,8.95
10,73.6
6,53.125
4,43.475
10,43.475
20,43.625
4,9.25
14,59.25
4,8.8
10,58.8
11,7.225
4,7.225
4,17.075
10,4.275
2,4.35
5,63.2
10,18.3
8,9.125
11,4.525
8,18.075
4,7.05
8,24.0
8,15.825
10,10.825
10,21.1
2,26.1
8,29.4
5,12.45
8,32.025
7,9.875
13,4.925
16,14.8
15,13.9
4,14.825
12,12.1
8,12.075
5,14.9
12,9.9
14,17.35
6,12.35
10,14.375
8,19.375
7,14.375
7,16.975
9,32.575
4,46.35
13,3.2
8,4.55
16,11.2
10,6.2
3,10.675
17,21.35
14,21.9
8,23.25
12,3.475
9,22.625
7,23.35
11,19.025
16,16.975
4,8.825
5,10.5
8,13.775
15,11.225
11,15.9
12,44.45
12,19.0
4,47.8
8,1.0
20,53.075
4,6.275
4,25.475
14,6.0
8,7.95
10,10.95
8,9.0
8,6.0
8,1.475
4,18.625
12,18.575
9,16.125
5,16.275
17,15.75
12,52.325
15,30.7
4,16.55
10,33.075
16,25.525
2,20.525
10,68.9
8,15.225
8,69.375
4,44.925
11,11.75
4,46.9
4,26.15
10,15.575
10,26.9
4,5.85
12,26.9
9,3.15
4,5.725
8,4.4
17,10.475
4,34.325
4,6.5
10,9.2
6,9.2
12,11.425
2,15.75
15,10.625
4,38.45
2,18.75
10,22.075
19,13.45
22,26.425
10,0.5
10,24.325
10,10.625
10,22.625
4,10.0
10,6.05
10,22.925
9,10.3
2,22.925
17,7.025
4,0.975
10,5.175
10,8.05
10,12.775
10,5.25
10,32.725
8,14.55
10,32.725
14,55.475
8,32.725
14,7.25
5,19.3
10,13.1
15,8.55
10,13.55
10,40.7
9,14.3
5,1.25
10,3.875
10,14.3
5,13.2
10,10.825
4,10.1
9,12.2
2,15.05
3,5.0
8,27.5
2,8.175
10,18.85
5,19.6
5,18.875
11,25.125
7,10.25
5,2.9
19,7.15
13,7.025
2,12.275
10,4.325
8,11.025
10,13.225
10,18.775
4,14.525
12,20.675
2,20.7
2,15.825
9,2.375
3,15.825
5,1.8
14,4.175
7,4.4
1,29.625
8,34.05
4,3.35
10,46.5
10,34.05
4,21.125
8,49.0
18,26.1
10,53.975
15,24.075
5,23.775
1,27.3
9,23.45
10,14.35
14,11.8
20,16.5
6,14.95
18,16.925
7,15.375
3,14.7
4,9.7
6,3.0
17,9.825
15,18.875
10,52.0
7,12.25
2,33.225
10,20.95
5,0.1
1,13.6
6,16.525
16,19.525
4,14.525
6,16.6
5,19.525
6,21.625
11,2.95
2,0.15
7,7.475
4,11.95
3,16.95
1,12.475
13,12.475
2,15.0
3,13.1
3,16.8
2,43.925
1,65.55
5,4.525
14,15.25
8,9.125
10,18.35
10,8.8
10,23.8
4,10.875
14,24.075
2,34.5
5,17.075
6,1.575
7,6.9
3,6.9
7,10.675
5,15.675
4,13.675
8,2.65
10,14.375
11,19.375
20,15.2
1,15.375
6,18.325
4,21.975
12,15.525
18,17.85
6,17.25
4,22.25
8,15.9
5,10.9
4,20.925
14,25.925
14,23.075
10,17.8
16,13.45
8,18.45
10,14.4
10,7.775
11,14.425
8,4.4
14,14.425
2,4.4
7,16.075
16,6.25
4,11.4
6,11.675
20,9.475
4,1.125
2,10.925
19,9.4
10,16.425
16,26.625
2,16.425
3,41.05
2,26.75
5,1.15
12,7.275
4,12.1
18,4.6
4,16.025
12,48.625
10,19.475
18,18.95
10,8.275
1,8.85
11,13.525
3,36.675
15,24.175
18,23.8
5,18.8
1,13.65
22,13.3
10,14.225
6,16.625
10,14.225
14,9.225
10,13.625
10,13.225
5,10.825
8,15.825
2,12.95
4,23.35
10,33.35
3,26.05
10,12.95
4,15.7
4,10.25
4,8.45
10,17.55
10,11.575
4,17.55
6,11.575
2,14.075
4,3.5
16,4.675
20,19.65
12,22.6
18,21.35
4,16.425
10,11.525
7,15.625
9,11.575
4,1.475
14,13.3
16,23.875
4,14.125
14,14.125
7,3.15
10,17.925
6,4.625
16,6.975
18,9.325
10,25.15
14,7.8
5,26.25
10,1.75
2,15.925
10,27.425
17,13.075
4,19.775
15,4.85
11,14.925
8,4.85
6,14.925
5,13.45
10,6.275
13,12.375
5,4.3
10,5.4
2,5.4
11,7.65
11,7.65
8,8.45
10,8.45
18,1.075
10,1.075
16,6.2
10,4.375
10,5.225
10,3.4
6,27.025
10,10.3
2,10.3
10,11.35
15,18.825
8,6.175
3,17.0
10,18.125
11,6.625
10,10.225
7,46.975
14,19.425
15,5.45
5,6.25
5,27.75
15,17.75
13,6.225
10,21.275
5,29.65
17,13.95
3,18.225
2,37.2
15,7.575
7,1.5
12,4.85
23,10.35
11,3.55
21,6.4
10,11.625
10,4.95
17,2.525
3,7.225
10,18.3
1,0.525
10,13.1
12,8.825
5,8.6
2,9.025
8,64.275
4,49.2
8,24.15
5,14.15
7,2.325
18,2.325
12,5.125
10,5.125
10,3.425
7,3.425
10,9.125
7,9.125
8,11.9
23,11.9
12,1.375
10,6.2
15,16.3
11,6.3
6,5.575
10,5.575
5,9.45
2,9.45
11,29.65
11,7.675
5,26.275
10,11.1
8,6.975
9,13.4
7,14.775
9,1.85
6,16.525
7,3.6
10,0.375
7,17.45
8,3.6
5,11.95
10,10.325
10,10.075
10,2.625
10,10.15
10,1.875
11,18.0
10,5.275
12,13.35
20,7.7
12,1.725
13,11.2
16,7.7
2,13.775
4,12.525
23,13.425
2,10.15
2,14.45
4,13.75
10,0.375
8,6.9
17,5.275
10,8.225
14,19.525
14,12.475
1,1.525
1,1.525
17,10.875
7,49.55
4,10.875
10,49.55
10,5.875
9,5.875
13,4.9
5,4.9
10,12.625
11,12.625
6,6.1
10,13.3
15,21.075
4,21.075
10,5.3
10,6.475
16,8.8
2,5.85
4,15.775
12,20.2
4,12.775
9,5.85
13,6.425
22,6.525
6,21.65
4,17.4
19,26.6
4,8.725
12,12.3
18,4.975
14,8.675
2,8.675
8,14.475
2,18.8
15,10.4
4,16.7
6,12.975
9,31.625
8,18.425
7,8.6
8,5.925
2,7.025
16,8.525
3,40.65
10,8.075
17,41.975
12,11.375
16,9.6
3,17.85
13,25.15
8,13.55
6,12.8
8,18.6
9,22.175
7,9.025
1,11.1
3,10.425
12,7.925
10,7.2
6,9.975
12,21.275
8,1.325
20,24.2
10,26.8
12,8.525
16,28.0
8,18.55
1,8.9
2,23.95
12,4.175
12,30.2
8,17.475
2,30.2
10,17.475
10,12.1
10,12.1
11,24.625
10,12.9
12,6.225
19,0.5
12,4.15
6,9.425
11,2.475
4,2.475
10,4.825
13,4.825
18,2.275
14,2.275
10,17.8
10,17.8
2,16.4
20,12.325
11,17.8
19,17.8
14,2.225
8,16.425
13,14.825
4,4.825
10,5.7
6,15.7
13,9.1
3,19.15
7,12.475
4,8.35
11,5.7
10,13.8
8,10.1
2,5.35
13,5.4
8,65.075
4,16.875
11,11.275
2,10.825
8,19.175
16,6.225
10,17.725
8,11.475
2,52.55
17,36.45
14,11.25
13,9.5
13,39.075
7,5.7
2,4.825
8,24.45
19,10.475
15,5.425
10,12.125
2,19.65
11,17.475
14,17.475
10,16.6
2,8.475
1,30.625
10,23.55
6,41.875
3,10.475
13,7.4
10,3.375
10,3.375
8,22.85
2,7.6
15,23.825
15,18.575
19,23.825
2,23.825
15,5.15
10,15.15
8,1.825
4,11.5
6,3.5
6,20.55
4,54.125
4,20.3
10,17.7
18,9.45
1,22.65
13,24.8
15,15.425
14,5.575
18,16.475
8,21.25
2,9.35
18,39.275
10,11.725
9,11.725
3,6.375
12,16.675
13,12.525
9,3.5
2,0.825
5,3.175
8,8.625
13,14.25
1,9.575
10,4.0
15,11.5
7,7.775
14,16.5
9,7.525
8,9.275
6,19.775
17,18.275
4,17.15
4,14.0
8,3.675
8,16.35
1,6.35
1,27.525
11,11.975
4,10.45
14,13.525
10,6.65
2,6.65
10,10.3
12,10.3
12,10.5
10,10.5
1,11.95
1,11.95
3,14.4
18,14.4
1,3.7
10,16.175
12,24.525
14,8.9
8,17.1
12,3.7
10,13.275
14,16.675
19,5.425
11,0.325
7,4.85
10,5.925
15,3.975
4,31.2
8,8.55
7,24.275
6,10.175
7,9.175
13,13.05
8,28.675
7,18.425
9,13.05
10,23.975
4,24.325
11,4.075
2,0.325
11,2.85
10,23.975
7,13.075
5,17.3
12,28.9
5,20.525
6,6.95
14,11.175
4,28.175
16,18.3
18,9.1
8,9.1
4,24.7
10,13.575
4,15.65
8,7.85
1,4.4
17,9.675
2,11.625
14,20.775
4,7.375
7,5.575
12,17.725
10,8.8
7,8.8
4,15.925
6,5.975
11,5.975
20,6.0
2,7.25
16,13.975
10,3.95
14,7.8
7,20.6
10,20.05
11,19.55
4,24.9
4,24.9
15,9.3
3,14.3
17,40.6
5,35.6
10,27.775
6,32.775
5,18.275
4,23.275
4,12.475
6,17.475
2,19.225
10,24.225
14,10.725
5,7.275
4,8.825
10,0.15
10,6.075
2,8.05
11,10.375
7,3.4
12,0.375
4,3.375
5,12.925
10,12.925
9,21.95
4,9.7
6,21.95
10,18.575
11,19.9
5,11.025
8,9.025
5,21.0
2,8.1
9,3.1
2,5.925
10,1.55
6,5.525
2,22.5
6,9.425
10,9.425
2,20.775
16,4.7
8,11.475
14,7.425
4,10.075
4,11.975
13,7.7
5,2.075
8,5.425
6,5.975
5,6.8
4,14.175
12,6.8
8,6.8
5,4.875
5,28.5
8,6.25
17,34.875
5,6.25
5,11.25
7,3.55
18,34.2
8,6.075
10,4.525
15,4.05
10,10.6
10,7.875
10,30.825
10,6.7
10,29.65
6,14.925
17,14.925
4,14.3
14,9.3
7,33.825
4,17.875
8,0.075
22,0.075
4,11.3
4,18.35
10,10.525
6,31.2
10,5.525
4,10.525
16,2.85
10,2.85
10,13.075
2,8.075
2,0.425
2,23.875
10,10.65
14,19.825
2,22.1
10,4.65
16,10.1
14,3.65
4,6.45
10,12.425
8,18.225
10,11.075
2,2.925
8,19.375
10,10.25
3,10.55
9,12.1
2,17.1
4,2.425
9,32.05
2,34.575
10,19.85
14,9.325
11,4.325
6,13.825
10,8.825
16,20.175
4,15.175
8,16.175
2,11.175
12,12.3
11,17.3
10,7.725
12,12.725
6,26.375
4,31.375
4,13.625
6,13.625
2,20.55
4,15.55
18,6.325
5,6.325
14,27.375
5,22.375
8,9.375
8,14.375
14,17.45
10,12.45
14,6.525
8,11.525
6,19.7
6,14.7
4,6.55
15,5.55
17,0.75
14,14.3
8,9.675
11,9.675
10,7.35
15,12.35
12,18.85
1,13.85
10,12.15
7,12.15
13,4.6
18,9.2
14,12.3
12,11.9
10,0.925
6,0.925
4,1.975
10,10.8
17,10.2
10,14.025
15,12.7
8,7.7
12,6.5
12,11.5
8,10.475
10,15.35
10,10.95
15,20.65
10,18.5
10,6.8
10,37.0
3,23.65
14,3.1
10,8.1
24,12.325
2,7.325
23,24.95
12,24.95
2,9.85
23,14.85
4,14.25
8,14.25
16,12.475
6,36.475
11,14.875
10,9.875
7,18.55
11,13.55
18,21.275
5,16.275
3,20.2
7,15.2
15,11.375
8,16.375
14,201.8
19,46.025
7,22.975
17,27.975
20,11.275
10,16.275
16,17.95
17,12.95
12,9.75
8,14.75
12,11.7
17,6.7
3,15.025
18,10.025
10,10.175
17,5.175
15,43.775
14,43.775
10,10.775
12,5.775
14,10.225
12,5.225
5,10.15
15,5.15
4,15.5
19,10.5
4,15.65
10,20.65
13,24.325
8,24.325
5,11.975
18,16.975
25,25.25
4,20.25
13,6.95
10,6.95
8,16.975
13,21.975
1,6.75
7,11.75
8,8.375
18,24.8
13,18.425
10,2.625
14,12.25
4,17.25
23,30.625
10,50.65
19,26.425
21,61.275
17,63.75
10,4.45
18,4.65
10,2.1
5,8.475
10,39.35
18,3.55
10,3.55
17,6.625
12,4.1
7,10.225
15,6.725
4,12.425
12,8.925
11,9.275
10,6.75
12,8.4
3,14.975
4,15.325
10,3.75
10,3.95
15,3.0
10,17.425
10,12.425
13,6.8
3,9.775
13,8.025
2,30.15
5,11.15
10,5.45
10,7.2
18,16.075
18,10.625
1,16.0
9,15.4
10,3.55
17,2.975
9,2.975
5,5.3
2,5.3
2,4.25
10,4.25
7,10.725
18,4.025
4,13.625
2,5.725
3,2.175
11,3.375
5,7.425
8,19.0
2,4.55
2,23.8
5,6.6
2,12.4
3,4.675
10,9.675
2,3.625
8,6.175
17,19.125
4,1.75
4,3.8
14,11.9
14,12.9
14,17.175
10,4.15
9,14.325
12,7.9
10,17.175
10,2.05
10,4.3
10,7.1
9,13.15
1,4.275
13,9.025
18,7.35
7,13.225
19,18.275
6,7.4
5,12.025
10,7.025
18,8.6
10,5.15
2,16.5
18,9.0
10,2.725
3,0.975
14,8.7
5,5.25
1,11.425
13,7.825
18,8.675
2,3.85
2,21.45
16,11.9
10,18.2
10,22.925
15,22.975
6,0.95
6,13.2
4,10.55
7,8.55
5,10.775
10,4.85
8,3.825
10,2.875
10,3.1
5,4.6
10,9.475
10,5.175
10,5.525
5,5.975
10,5.575
10,14.575
10,7.6
5,7.6
10,6.825
4,14.7
17,6.95
5,5.775
5,7.475
15,7.2
10,8.5
5,8.15
5,7.75
5,6.125
10,3.8
10,14.575
10,1.7
7,6.55
10,2.725
17,6.775
10,10.7
10,9.275
10,3.925
4,3.75
10,8.825
15,14.975
5,8.45
10,4.95
4,1.375
15,27.425
14,22.625
10,4.2
10,6.35
7,4.75
10,5.175
5,4.1
17,6.05
15,6.675
18,15.7
11,4.275
5,4.275
2,15.9
1,22.45
3,22.25
5,23.775
7,9.7
9,12.3
1,6.125
2,13.3
14,12.3
2,3.325
4,7.575
17,15.825
10,8.75
16,9.35
1,8.75
5,9.35
11,10.2
15,17.85
11,1.8
7,10.375
10,10.825
11,14.8
11,17.4
8,5.025
15,15.925
5,3.55
6,16.625
20,7.2
6,10.025
10,0.125
6,29.8
12,10.025
7,1.975
2,9.5
5,34.425
11,4.75
13,5.925
13,10.45
13,18.025
2,10.85
16,48.375
8,12.8
2,9.075
6,12.075
4,8.325
4,15.05
2,8.45
5,12.175
12,14.2
15,8.8
15,11.975
9,9.225
10,19.125
10,6.2
10,18.65
2,3.0
12,20.2
10,18.85
19,4.05
12,10.8
12,4.275
14,12.55
5,18.525
10,12.6
1,20.475
19,7.825
4,6.25
6,6.625
2,19.6
2,18.925
19,6.725
2,13.65
7,6.8
11,26.7
15,3.6
1,20.125
5,30.575
2,5.675
10,10.325
10,8.4
4,35.625
4,28.825
7,10.5
1,8.575
13,13.525
3,7.075
7,8.5
10,33.125
5,2.65
5,2.65
10,28.2
11,6.225
18,6.225
2,28.2
5,5.775
1,24.875
1,8.8
12,0.15
10,3.0
10,7.55
16,5.375
10,14.8
9,13.1
5,10.0
4,15.75
12,4.35
8,13.425
4,15.35
10,3.85
20,3.85
10,4.675
9,4.675
10,7.65
6,7.65
10,7.65
12,7.65
11,4.75
4,4.75
11,15.725
8,15.725
10,0.75
1,13.425
8,14.95
18,9.95
17,5.3
10,7.4
5,1.175
10,6.175
10,1.6
5,6.7
4,10.1
5,9.05
3,7.6
10,15.975
10,6.45
10,11.8
10,2.525
7,23.65
6,6.9
10,7.525
5,6.95
13,11.9
10,8.8
4,3.8
6,7.15
10,26.875
10,1.0
10,30.725
11,10.45
5,23.875
7,10.2
12,3.275
3,33.375
7,12.15
5,2.15
1,26.875
8,3.625
2,15.5
3,14.25
12,7.375
10,3.675
15,3.675
7,8.925
12,8.9
11,19.475
16,9.525
7,1.2
7,17.9
4,3.275
7,3.275
18,4.75
20,20.475
16,15.85
10,9.85
10,22.0
10,22.975
5,5.825
10,0.125
5,3.7
10,9.4
10,3.625
14,20.025
6,5.475
15,5.475
17,3.475
2,3.475
10,3.2
10,8.2
10,9.625
4,17.975
4,18.425
4,15.075
10,5.75
18,3.55
10,6.0
15,7.55
11,5.3
4,2.45
1,4.15
9,13.7
15,5.3
6,21.55
7,9.35
10,26.05
13,5.575
5,7.6
10,8.2
2,9.825
13,6.25
7,16.6
10,87.575
19,20.9
13,88.4
12,29.325
10,7.8
8,11.35
20,4.375
9,7.925
3,6.05
11,11.05
9,20.5
6,15.5
11,12.925
4,8.05
7,20.1
7,10.225
13,23.175
10,5.85
2,24.025
10,3.75
18,3.8
10,6.8
10,11.125
3,8.175
7,7.625
4,0.575
10,0.65
9,1.875
5,5.325
5,50.525
10,6.25
15,12.45
10,15.1
19,54.1
2,0.6
10,11.7
17,23.2
8,4.075
1,7.275
9,15.775
14,13.775
10,8.475
5,3.15
5,14.55
14,8.6
10,8.3
10,5.5
19,10.2
4,5.65
14,10.1
6,2.475
4,13.35
6,11.7
10,14.525
9,15.6
4,14.65
2,10.65
10,15.65
16,15.025
13,2.375
9,2.1
5,15.125
10,7.35
19,1.4
3,3.85
10,1.5
17,9.95
7,4.0
5,3.675
12,6.825
18,5.525
3,2.05
7,11.15
8,17.925
2,11.35
10,1.95
16,15.7
2,2.975
3,1.75
2,17.925
8,1.025
8,8.275
13,0.25
15,11.175
4,3.3
12,10.55
5,7.525
10,3.9
7,10.75
9,10.45
5,6.05
14,2.425
18,3.9
10,9.9
10,13.9
7,7.325
9,6.125
15,20.575
1,10.3
2,6.4
16,4.45
11,2.475
10,3.5
13,2.75
2,3.25
13,1.275
11,16.525
2,1.275
10,3.6
12,5.575
5,22.85
10,2.425
2,23.05
10,14.85
10,5.35
9,17.575
14,7.525
8,2.525
10,2.225
10,4.45
13,4.65
1,1.375
16,7.375
5,0.15
5,3.475
5,11.425
5,2.15
15,2.15
11,9.425
11,12.0
16,13.35
9,4.9
11,9.425
11,6.225
15,6.35
14,5.05
7,3.475
5,11.375
5,11.375
8,10.2
2,16.95
2,10.775
9,19.8
2,6.9
10,1.675
12,0.8
3,5.325
12,6.775
8,14.0
5,12.225
13,15.3
7,3.575
15,2.675
5,14.25
10,5.075
10,8.475
10,9.1
4,0.625
10,6.325
5,0.425
4,11.15
5,1.8
2,7.05
10,0.6
10,9.825
9,0.475
1,4.25
10,26.45
14,6.65
10,6.65
10,11.45
5,2.55
6,12.8
7,14.9
4,9.35
5,2.55
15,6.75
10,10.525
12,4.575
11,4.575
19,8.825
3,8.825
10,5.6
5,11.875
5,3.125
1,15.625
10,11.7
10,11.525
5,8.05
10,11.525
12,15.25
2,8.9
10,10.1
11,9.975
8,18.35
5,11.55
18,3.7
5,4.675
12,7.8
3,8.75
10,24.825
10,15.3
10,7.1
7,1.975
12,27.475
8,6.975
10,4.6
6,1.875
5,2.3
10,23.025
2,8.775
7,4.15
18,4.525
10,8.65
19,6.275
13,13.85
10,15.65
3,8.075
10,22.625
5,17.975
8,9.475
10,8.975
17,9.05
10,21.275
1,30.0
19,16.6
20,6.6
9,16.6
12,2.075
7,20.425
15,7.225
10,7.225
12,4.7
10,4.7
14,4.925
14,4.925
4,10.3
16,4.45
16,11.875
8,5.075
5,3.3
12,2.35
2,8.625
19,3.7
32,10.375
10,10.425
5,2.3
4,2.3
10,4.975
12,31.975
10,5.9
10,21.075
24,11.425
4,2.775
2,31.25
8,4.4
10,6.0
12,15.875
10,11.7
10,19.75
5,16.225
5,13.45
18,17.375
20,27.25
8,35.725
2,3.825
10,17.95
20,13.125
14,11.2
5,13.125
5,16.4
10,6.4
4,24.325
10,32.175
10,6.0
10,6.0
14,9.35
7,9.35
8,19.375
5,19.375
2,24.35
9,15.925
2,16.1
2,24.525
3,17.825
16,2.275
10,21.675
8,2.525
2,16.675
4,2.2
10,27.725
9,7.075
10,7.65
18,9.325
17,0.025
10,6.5
7,27.725
4,7.075
12,15.1
15,9.25
10,7.925
26,3.75
10,20.125
10,7.375
22,8.375
10,10.225
7,5.325
9,24.75
5,4.225
10,4.225
8,22.35
7,20.05
9,6.95
2,13.475
10,11.275
7,11.625
17,4.2
3,2.425
10,4.8
4,9.4
9,10.975
10,20.7
8,3.1
10,28.475
7,23.325
9,26.25
5,6.9
12,16.9
12,6.9
9,34.45
10,39.425
6,21.875
16,19.7
5,9.7
10,2.45
16,2.45
10,6.125
19,6.125
13,3.675
14,3.675
14,3.7
5,14.225
5,14.025
10,14.025
5,11.65
15,11.65
18,3.55
14,13.55
15,3.55
26,4.35
17,18.2
15,9.45
8,6.75
10,15.95
10,14.425
18,4.425
2,7.625
19,22.8
10,8.925
17,22.8
7,12.025
10,3.1
7,4.725
8,5.8
20,12.1
2,18.15
5,2.475
5,20.95
14,38.175
1,11.975
17,36.45
1,22.85
14,37.125
3,7.4
6,17.45
5,10.175
4,10.175
15,26.3
1,8.9
1,18.9
12,10.275
7,22.575
1,1.7
10,43.8
8,2.35
7,44.45
13,23.55
8,5.05
5,51.375
10,6.4
12,3.575
10,12.925
6,24.825
8,16.275
18,24.025
10,3.45
12,11.85
4,7.125
1,8.825
17,32.575
5,1.225
10,1.225
9,32.3
6,4.625
10,41.525
12,13.85
16,5.05
4,5.05
17,3.65
4,3.65
5,11.3
10,18.875
10,14.675
1,4.675
13,7.625
13,17.625
5,32.925
9,5.6
7,3.8
2,13.8
7,6.95
10,11.85
4,21.125
10,16.85
10,30.725
10,20.2
7,23.5
8,14.775
5,21.125
10,16.15
18,2.15
5,18.3
5,26.325
11,20.075
22,5.6
5,20.075
11,5.8
1,26.0
9,14.95
12,6.775
9,18.925
10,9.2
12,9.9
5,7.675
9,14.45
16,8.5
10,16.2
5,8.7
10,10.0
15,20.0
10,39.275
4,29.275
10,102.875
3,10.85
12,103.175
17,11.15
3,1.925
8,1.925
15,3.975
11,3.975
10,16.225
6,12.725
8,16.55
5,9.825
5,2.725
10,12.725
19,16.925
10,16.925
11,9.25
8,2.525
10,11.725
8,7.65
5,10.525
15,8.55
8,7.15
20,16.9
9,7.85
8,16.575
12,0.175
13,20.7
12,16.475
1,8.9
8,21.975
1,11.975
5,30.225
1,3.4
2,17.125
4,9.55
10,5.275
14,5.275
1,10.275
1,10.275
4,10.375
6,10.375
16,10.175
22,7.9
7,12.15
6,27.375
9,13.65
7,11.925
10,3.975
10,3.975
2,4.65
13,12.575
1,38.275
15,4.675
17,35.475
7,45.475
16,11.575
10,11.575
4,11.55
10,11.55
8,11.05
4,11.05
10,14.2
10,0.775
15,12.775
5,12.775
13,7.4
3,13.15
13,10.3
10,15.3
4,26.325
13,21.325
8,22.625
10,4.375
14,6.9
10,4.35
9,6.15
8,1.15
7,6.9
7,4.35
2,1.3
5,10.275
18,25.2
9,3.875
11,13.325
10,15.325
10,16.075
16,13.275
8,17.025
4,19.025
8,6.8
10,8.075
10,6.775
8,17.575
6,16.975
10,16.175
4,5.675
7,23.575
5,7.975
6,4.625
3,2.1
9,7.225
15,8.925
4,20.175
5,12.0
8,17.125
3,0.575
14,12.775
5,8.575
7,13.575
10,5.725
19,10.725
10,43.075
15,10.525
14,48.4
5,10.7
2,4.225
10,49.625
5,10.275
12,5.275
16,11.05
10,26.575
13,15.9
16,10.9
2,14.675
2,31.475
3,6.925
10,6.925
17,16.3
11,5.95
5,4.5
4,0.225
6,12.125
8,7.125
10,5.05
10,6.825
10,3.325
10,8.9
10,6.675
6,10.0
4,6.65
10,2.75
9,2.175
6,14.225
15,6.9
5,33.075
15,17.45
14,17.45
10,45.675
10,21.125
12,16.9
5,11.9
5,5.8
12,27.125
5,27.675
11,32.675
3,20.275
16,15.275
8,28.8
8,8.525
4,24.775
10,9.4
8,12.7
5,7.7
8,4.925
18,24.225
10,13.65
8,28.775
2,1.9
15,2.625
4,50.575
5,7.375
10,7.675
5,15.475
5,54.825
10,15.65
5,56.775
10,2.05
5,41.45
5,11.05
14,10.25
1,10.25
6,13.55
10,11.0
16,13.55
15,19.275
16,27.7
7,5.85
10,11.875
5,8.3
10,4.225
5,44.15
8,12.05
4,7.05
10,10.3
10,4.925
10,19.025
10,10.95
10,27.95
21,10.875
1,22.45
1,14.375
20,21.775
14,2.175
1,20.95
11,6.575
4,5.6
5,10.65
12,3.75
6,9.175
10,16.65
17,0.1
9,16.45
9,15.85
1,15.85
10,10.85
16,18.525
8,8.35
4,6.875
20,8.6
12,7.125
14,16.025
2,35.8
19,12.525
12,15.4
10,14.2
10,6.2
5,6.2
18,41.0
18,12.125
5,7.975
10,14.175
9,9.4
5,7.25
5,28.675
20,23.675
16,18.175
2,23.175
2,27.575
10,5.05
5,16.3
16,16.275
4,12.275
12,17.075
4,20.225
5,32.1
5,30.925
10,10.95
8,21.5
4,31.475
14,28.3
17,5.875
2,26.3
20,36.275
6,15.95
5,10.95
3,20.925
8,9.975
10,26.45
3,10.8
4,23.075
5,9.675
13,7.875
10,22.05
10,10.1
10,5.1
13,10.1
2,10.85
10,18.25
22,13.25
13,26.75
18,7.575
9,10.95
10,5.95
10,19.95
2,19.95
4,18.65
10,13.65
5,18.95
8,18.65
10,17.85
13,32.1
2,1.65
10,3.35
2,11.275
5,12.975
5,13.375
14,16.25
5,11.275
15,7.85
10,20.2
10,16.05
8,20.2
10,15.2
10,1.7
17,18.2
12,4.025
12,8.375
8,9.825
1,7.1
14,7.1
12,9.075
3,6.85
6,14.625
10,10.875
15,10.725
7,18.675
12,6.05
16,4.125
5,28.575
12,11.3
10,16.3
15,6.6
10,5.3
10,3.55
19,28.575
10,4.525
14,10.975
17,18.375
10,19.25
15,1.775
11,9.15
8,6.925
2,19.25
14,16.675
6,14.35
10,17.425
5,5.65
9,8.925
4,27.325
6,10.425
11,4.45
4,11.25
8,3.75
9,7.075
6,7.9
2,18.825
10,9.3
11,11.425
6,14.35
10,10.875
12,15.875
17,26.45
5,7.65
10,28.05
15,10.6
5,8.175
11,2.85
5,3.75
5,2.175
5,3.025
5,20.0
12,10.425
7,3.775
7,8.1
4,20.0
4,5.95
7,10.95
15,10.25
10,19.5
2,8.6
5,9.625
12,3.225
1,18.3
14,6.025
5,12.875
7,14.975
5,9.975
16,6.575
5,11.575
17,10.15
2,32.85
18,9.975
2,11.325
17,3.45
16,8.45
2,23.55
10,45.4
10,24.6
7,31.025
5,26.675
10,10.425
7,12.7
10,2.25
15,6.2
7,47.625
7,4.525
10,9.525
12,7.675
20,27.9
4,7.925
14,12.925
11,12.725
16,26.25
4,13.9
8,61.5
9,4.425
5,62.85
10,19.975
5,9.8
2,9.0
4,11.3
12,15.725
10,10.725
7,9.35
5,12.225
10,4.35
18,9.35
8,5.75
9,8.625
5,5.275
10,7.2
13,35.7
6,8.9
10,2.275
11,12.075
13,26.3
4,4.525
2,26.3
5,4.525
12,6.9
18,5.45
14,12.15
10,7.15
4,10.125
10,7.15
15,6.9
15,5.45
5,12.675
15,7.15
5,8.275
5,2.75
10,1.45
5,25.7
12,10.25
10,5.75
4,1.95
14,4.225
3,3.65
11,8.65
10,9.45
6,6.925
7,6.925
10,6.725
10,15.725
1,8.35
10,10.25
10,4.1
10,7.625
12,17.475
8,7.5
17,3.025
10,2.75
17,7.75
12,7.1
8,2.1
13,9.5
14,2.725
11,11.075
10,6.075
14,8.95
7,8.85
4,6.1
6,12.875
17,14.825
11,12.725
10,15.6
13,3.775
14,12.075
6,6.475
4,7.6
6,9.7
15,12.075
8,6.475
15,9.075
5,4.075
12,21.15
7,6.425
14,21.65
5,0.2
5,2.2
5,5.075
9,15.6
6,5.325
10,15.8
12,4.75
4,5.5
6,4.975
4,7.5
10,8.7
14,10.2
14,5.2
10,10.1
17,5.875
10,11.9
9,6.9
12,8.175
2,13.175
1,11.875
10,23.8
4,16.075
1,23.625
17,10.8
15,15.8
5,28.625
14,10.975
17,6.15
3,6.15
13,7.45
5,6.875
7,10.025
5,27.125
10,16.275
10,11.275
20,21.025
15,7.2
7,16.0
5,11.125
10,5.1
10,9.05
10,9.775
16,14.775
17,10.725
4,15.5
10,8.275
10,13.275
5,28.025
10,23.025
10,7.95
14,12.95
3,5.675
17,10.675
16,14.725
7,30.45
2,25.625
4,20.625
7,7.525
10,11.8
10,6.5
12,36.625
10,48.425
12,19.85
12,22.475
5,3.3
12,7.05
5,9.725
4,9.025
14,6.8
17,2.925
15,27.525
12,11.5
4,7.925
13,0.125
2,12.15
5,5.875
10,19.625
8,23.15
10,27.55
10,24.175
4,9.525
14,17.725
8,2.325
10,19.525
10,10.75
4,10.35
14,4.05
10,9.525
5,3.225
10,10.9
5,9.175
19,20.875
10,12.3
1,8.175
18,4.7
10,4.025
2,6.125
1,7.5
8,3.125
5,1.325
7,3.675
10,9.65
2,4.65
5,15.25
2,15.325
4,8.3
3,48.7
5,9.9
13,25.625
7,5.025
3,28.9
22,19.45
21,21.6
5,3.85
10,30.15
22,8.425
2,27.425
10,11.325
13,12.175
5,4.825
10,5.5
10,2.1
10,10.525
10,4.575
5,0.925
7,4.575
6,4.575
10,16.35
8,5.65
4,10.1
6,15.1
6,16.375
10,0.075
10,7.875
10,7.4
17,36.925
5,17.575
1,1.55
13,43.6
15,11.8
18,6.8
9,10.125
18,10.125
5,17.4
4,54.675
12,22.9
12,17.9
5,4.8
5,33.85
10,9.25
18,29.05
5,18.4
10,2.875
10,9.775
18,25.3
9,56.025
7,19.65
10,7.325
3,7.325
4,9.575
7,9.575
5,21.925
4,16.95
3,22.375
11,7.975
12,25.525
3,25.525
10,26.625
16,10.175
1,5.225
8,21.35
3,20.85
7,3.625
7,2.5
3,4.475
11,2.9
13,2.9
12,5.7
10,12.4
21,25.05
12,14.875
3,7.75
10,17.95
10,12.125
13,7.125
10,12.125
6,17.0
12,7.35
10,11.475
18,19.775
11,14.025
18,12.675
4,38.35
12,9.275
5,22.95
7,6.525
5,10.625
5,17.575
10,7.775
14,10.75
5,18.5
10,2.675
4,21.15
7,4.675
16,12.0
10,0.025
14,4.475
5,1.7
17,1.7
7,13.45
14,6.725
16,27.925
14,3.95
10,6.925
13,51.675
15,33.825
10,54.6
10,17.125
3,8.375
5,16.75
6,3.675
10,7.6
11,17.325
10,10.3
7,4.75
10,11.4
11,15.3
10,21.625
8,9.05
6,23.275
13,15.025
10,13.375
10,9.05
20,6.25
10,3.475
5,17.125
4,25.05
12,29.975
10,11.725
4,25.925
12,19.675
10,17.125
10,11.375
15,29.7
17,28.175
3,11.15
19,31.7
10,5.575
1,13.55
10,12.15
5,22.1
21,11.725
12,29.6
10,18.325
16,1.525
5,17.15
2,1.525
8,12.625
5,17.175
12,3.0
18,18.85
7,3.8
18,19.65
8,20.1
5,8.425
18,3.825
4,1.425
7,15.375
21,9.05
4,3.45
9,11.975
10,18.275
10,14.1
4,15.2
8,1.8
5,13.725
13,1.8
12,16.7
13,15.225
10,9.2
10,20.125
16,6.725
13,14.0
9,16.8
5,12.025
8,2.45
22,15.2
9,11.175
4,1.85
4,14.35
10,12.225
19,16.025
10,4.575
13,5.525
4,18.075
10,6.05
8,6.05
10,15.6
19,21.625
12,5.15
3,3.825
10,5.75
12,16.45
12,4.025
18,8.85
5,24.425
5,5.8
13,4.175
4,28.325
9,0.225
5,14.625
11,10.825
8,2.75
6,13.3
10,20.5
9,16.925
12,12.6
4,10.925
11,14.075
4,21.725
18,21.725
2,3.3
12,3.475
4,6.95
8,19.275
12,17.675
12,17.7
4,2.575
1,24.675
18,3.625
7,14.925
16,3.625
10,3.625
1,45.525
4,4.275
8,10.3
5,11.4
5,5.8
1,4.225
4,11.7
9,12.85
11,52.225
8,7.4
12,7.475
9,19.0
1,5.8
8,7.3
3,35.475
9,4.0
4,5.1
12,11.275
10,35.475
14,10.6
10,13.55
8,10.4
16,13.6
3,10.85
8,28.1
4,12.375
16,13.175
8,21.725
9,16.225
12,30.175
10,17.575
11,5.35
7,17.0
2,21.525
8,29.225
2,7.575
5,15.35
8,7.425
5,7.425
7,9.975
4,4.775
4,13.4
18,22.475
4,41.375
10,19.55
3,5.475
5,13.0
10,21.2
5,22.675
4,17.225
4,7.5
5,58.575
5,17.925
10,66.775
14,14.525
18,14.525
10,20.475
5,4.1
6,20.475
15,20.475
5,8.55
10,8.55
10,9.675
12,9.675
2,5.725
13,18.3
5,14.15
5,12.975
18,29.175
2,15.725
18,15.0
10,38.2
13,8.35
1,33.9
16,23.15
5,23.15
8,22.85
5,22.85
8,15.5
2,5.5
17,2.025
9,8.525
1,23.575
16,13.575
14,6.775
10,31.35
5,16.525
14,16.525
15,52.0
4,8.1
7,72.225
15,54.0
4,16.625
8,94.025
2,98.4
7,14.875
4,13.2
16,23.2
2,35.25
1,13.125
8,10.675
5,10.675
9,7.0
2,5.55
7,6.15
7,12.825
9,16.4
10,6.4
10,22.1
5,22.1
10,27.375
10,17.375
15,21.525
9,17.175
3,14.5
7,14.5
7,3.075
10,35.525
10,18.2
2,10.4
17,49.675
10,51.825
16,15.35
5,15.35
15,15.35
7,7.25
10,2.5
6,36.325
7,5.525
4,11.45
10,44.3
7,16.4
10,13.2
17,2.0
12,6.375
14,11.875
12,4.525
10,29.05
10,15.825
15,5.825
5,8.675
13,31.175
18,16.075
12,47.85
10,53.475
8,31.7
4,1.075
13,1.075
14,10.7
10,10.7
8,11.875
8,11.875
14,10.975
14,24.1
14,25.85
4,12.725
12,14.6
14,3.5
10,15.325
10,28.475
4,34.675
4,2.475
5,23.25
11,20.275
8,7.85
16,12.85
18,44.425
10,13.55
12,46.5
16,8.625
6,5.3
10,12.4
1,47.575
10,52.575
12,22.1
19,2.325
2,2.925
16,63.95
1,13.45
6,5.775
13,10.275
18,3.8
10,8.65
12,13.65
12,14.225
12,2.95
10,9.025
15,2.125
12,6.1
12,21.625
4,19.925
10,21.625
11,21.475
7,14.55
6,26.0
10,7.175
8,5.525
5,19.525
8,5.525
21,6.35
12,8.35
2,0.925
8,7.35
5,20.6
6,3.6
4,9.125
10,13.975
6,9.85
19,13.6
4,12.2
2,12.2
16,7.725
12,26.1
10,9.4
10,36.9
4,26.075
13,36.9
8,6.725
10,11.125
14,8.0
9,8.675
5,11.8
16,28.95
4,18.6
10,3.025
10,17.575
10,6.125
4,11.125
14,7.725
8,1.6
5,10.05
7,3.925
5,3.175
9,17.325
10,7.375
10,3.775
11,5.45
10,7.375
8,1.95
4,9.15
6,5.225
4,10.225
17,16.425
4,10.85
10,3.475
10,10.1
13,1.7
12,1.0
5,10.5
2,8.75
10,12.175
12,16.55
10,12.175
13,2.575
7,18.15
8,17.025
10,4.9
12,17.75
10,1.35
10,3.975
8,0.425
2,5.425
8,23.225
8,1.825
12,24.225
10,13.675
6,4.025
18,40.5
5,23.025
10,8.65
8,10.0
4,15.0
4,9.325
5,12.85
23,8.375
4,10.0
10,5.775
6,1.15
14,0.775
10,5.775
8,3.35
5,23.475
8,21.325
10,12.2
10,12.2
17,17.2
2,12.975
8,7.975
10,34.175
4,29.175
10,18.65
10,23.65
10,25.9
5,23.5
8,40.25
5,16.75
10,9.275
10,14.275
7,33.975
12,5.35
10,13.45
10,47.25
10,22.2
10,7.625
12,15.825
13,3.45
10,6.15
10,9.525
12,13.75
8,10.375
10,6.575
5,4.825
13,6.875
18,11.875
8,9.275
4,6.875
10,13.425
1,8.425
4,14.025
5,9.675
12,24.475
7,5.1
8,7.7
3,6.575
5,2.925
18,12.575
10,8.225
6,3.225
4,0.6
8,11.0
15,21.85
4,14.775
15,3.85
10,28.85
10,26.35
9,1.35
2,31.975
5,11.925
2,13.9
10,3.975
7,14.55
7,4.625
8,4.85
8,9.825
5,10.825
7,5.75
5,1.4
10,6.4
4,12.15
5,3.7
11,19.4
16,4.8
12,1.225
5,19.675
8,19.4
10,15.4
4,18.775
8,19.575
10,27.45
18,23.45
10,22.75
5,6.25
5,44.275
5,22.475
10,6.2
12,22.7
2,27.0
5,10.5
5,58.975
5,11.375
5,22.5
11,23.1
8,36.125
4,20.575
5,36.125
2,8.625
7,6.25
2,17.025
4,10.575
5,3.15
16,9.975
5,10.9
5,7.875
6,4.525
15,7.925
15,12.925
10,28.8
12,8.025
10,0.05
7,4.3
10,3.15
10,0.3
10,7.05
5,1.2
5,11.725
12,25.375
7,17.65
18,11.725
5,11.725
5,12.675
10,12.5
4,17.5
10,14.25
5,24.225
9,12.725
12,13.675
2,8.7
5,8.575
6,12.225
5,14.05
9,12.175
10,15.425
8,8.975
5,18.275
10,5.925
8,24.6
5,12.175
4,5.45
12,0.4
8,11.7
6,1.475
14,12.775
5,9.875
14,3.875
2,1.025
10,11.075
10,9.225
10,15.225
5,19.0
5,15.35
7,23.875
10,13.825
10,12.85
10,11.65
8,29.6
7,24.6
6,7.675
10,12.675
10,24.65
10,46.85
11,2.975
4,53.45
10,16.25
18,21.25
2,8.075
15,7.675
5,13.575
5,11.35
1,1.775
4,8.125
2,18.4
10,2.425
10,9.9
4,18.075
10,6.05
8,8.85
10,1.575
5,6.575
17,6.625
8,3.825
2,13.875
5,4.35
5,16.5
5,6.975
6,0.55
12,7.525
19,2.525
11,7.525
16,7.0
10,8.575
15,7.575
5,18.475
5,12.375
5,16.225
7,13.05
10,8.05
4,4.625
2,17.0
10,2.925
4,7.925
5,7.925
5,10.425
5,7.75
15,24.05
6,8.1
7,3.1
13,21.525
10,8.1
2,2.775
10,13.65
18,3.1
7,32.4
8,24.55
10,14.925
10,7.025
10,6.5
10,10.975
5,2.25
7,3.2
5,12.35
5,9.925
5,19.025
1,10.175
14,5.175
17,7.2
7,0.725
10,17.5
5,31.225
5,6.6
10,11.6
5,17.775
3,37.15
10,22.975
10,9.3
7,22.775
3,5.125
1,15.075
8,14.6
5,18.75
11,6.35
1,8.475
16,9.3
10,8.475
10,8.475
2,2.375
9,25.825
10,8.7
10,5.75
15,5.95
10,10.525
10,8.6
7,13.175
8,1.5
10,32.95
10,6.05
17,19.625
5,17.375
15,17.3
10,32.5
10,13.2
13,15.925
2,10.925
5,17.95
10,10.6
4,12.475
2,20.125
1,19.6
5,14.6
10,68.325
5,16.875
5,17.8
12,69.25
12,0.25
2,20.2
20,7.05
8,6.275
4,5.075
4,6.525
4,4.975
18,7.625
12,5.4
4,15.75
12,16.525
9,13.75
9,10.75
15,8.925
10,3.05
5,9.925
5,10.55
10,7.2
2,3.05
10,7.75
18,9.625
6,10.8
4,4.825
10,1.475
12,9.9
13,16.775
10,18.6
10,8.75
2,11.725
13,8.3
6,5.525
2,10.525
10,10.525
10,8.5
14,20.475
5,1.55
10,5.525
5,22.05
10,7.8
15,8.525
13,6.05
1,3.425
12,12.1
8,9.475
14,19.05
7,1.85
5,23.3
7,10.675
10,11.3
10,1.975
17,3.85
1,6.6
8,9.325
5,12.325
6,13.95
7,2.275
18,6.125
7,3.35
8,8.875
2,9.05
10,18.025
1,6.95
5,0.125
17,3.45
6,3.175
8,3.5
7,5.775
7,2.45
4,10.45
6,7.725
13,2.425
5,11.35
9,29.375
11,2.425
14,32.075
4,5.125
4,6.25
5,4.975
10,2.425
17,10.325
10,21.625
2,9.575
14,24.8
5,4.825
10,9.625
18,6.7
10,5.925
10,11.775
2,3.675
14,3.675
6,8.275
7,3.6
10,7.7
17,3.025
9,7.325
10,7.325
9,12.725
10,2.375
7,3.2
7,19.25
4,23.3
10,8.625
5,26.525
10,11.85
10,11.7
11,5.4
10,10.125
10,4.475
10,13.825
10,4.475
4,15.725
10,12.025
10,15.675
11,6.325
7,4.325
2,20.75
12,4.325
8,11.4
6,15.0
10,4.55
12,6.575
16,0.275
4,12.85
2,38.625
19,21.625
12,22.95
13,5.975
6,10.475
12,8.975
10,4.75
8,5.45
5,7.025
5,35.225
6,13.325
6,20.275
5,5.575
19,7.675
5,10.85
14,5.3
10,5.3
5,14.525
8,14.525
10,1.875
18,8.5
2,22.875
4,7.45
12,6.25
9,6.25
15,6.0
1,5.95
4,7.625
10,7.625
22,28.4
18,25.325
13,2.675
8,2.675
12,18.1
2,18.1
20,20.95
4,20.95
19,10.75
1,20.95
6,11.775
9,21.975
8,2.1
2,25.625
1,11.225
10,9.075
12,12.725
15,7.65
10,11.175
17,11.175
4,15.625
15,6.45
12,8.15
10,8.45
5,16.05
5,6.825
10,10.325
10,11.05
10,4.775
10,17.175
13,17.175
4,17.6
6,10.35
10,24.4
5,7.525
2,26.2
12,9.825
14,4.45
10,12.55
10,18.4
10,18.675
7,7.45
8,4.45
10,4.45
4,11.575
6,24.4
10,15.175
6,10.725
12,1.975
10,6.25
12,13.225
7,13.225
10,16.5
12,16.5
15,23.275
12,23.275
10,26.05
10,16.05
10,6.4
5,16.4
8,26.25
18,3.25
9,15.65
10,10.95
14,51.025
10,27.675
10,33.85
14,10.725
12,31.15
10,21.15
10,39.4
8,13.8
2,7.0
10,7.0
4,13.225
15,1.75
12,6.15
4,22.575
11,6.4
4,20.075
5,3.55
12,3.375
8,18.775
10,2.6
20,11.75
12,11.4
11,1.75
12,11.4
19,1.325
12,42.125
13,7.925
8,6.175
9,11.4
7,14.825
4,18.75
10,20.15
17,54.7
10,22.65
4,18.325
12,28.325
16,3.525
8,9.95
8,24.6
10,24.6
4,29.375
10,27.775
8,31.1
10,29.5
2,30.85
10,3.4
7,9.05
4,4.075
12,46.15
10,5.05
11,47.575
14,6.3
8,0.225
4,51.15
12,1.2
12,1.325
2,12.45
8,2.45
6,3.575
8,18.35
4,11.55
9,4.375
8,14.45
4,19.225
11,6.375
7,10.125
10,16.0
4,20.7
8,14.95
20,4.95
10,39.325
14,10.2
5,11.5
6,20.825
10,29.125
11,20.825
2,5.5
14,7.625
15,18.65
9,13.475
2,10.475
19,7.625
13,7.2
15,7.2
14,16.2
13,24.575
12,12.575
12,22.575
12,34.925
2,23.3
11,34.925
10,33.3
7,7.4
8,11.275
1,7.275
14,8.725
7,11.4
5,5.3
9,4.375
12,4.375
10,6.7
15,6.7
5,9.9
5,4.525
10,1.3
3,1.3
2,3.375
10,6.875
14,14.375
15,4.575
10,11.175
14,18.775
10,33.575
4,25.975
14,67.025
4,29.05
10,13.8
6,23.8
10,3.275
2,18.7
15,8.8
4,18.8
11,14.15
12,18.75
2,6.4
6,14.825
9,6.6
1,6.6
9,23.125
2,24.425
8,12.125
15,4.35
12,23.575
9,19.0
12,10.225
4,10.225
10,4.35
8,8.95
5,3.1
10,20.7
10,12.675
2,22.675
5,18.725
10,23.85
11,24.75
10,19.775
16,9.35
15,19.775
7,3.4
15,3.4
14,5.85
12,13.825
2,5.775
7,13.65
12,21.35
4,12.875
13,11.275
2,13.825
10,21.35
9,10.325
7,16.525
10,5.375
12,2.675
10,2.675
8,6.175
4,11.85
18,8.65
5,21.825
10,4.7
7,20.075
10,12.6
17,10.025
5,7.0
6,12.0
5,2.85
5,2.85
15,41.55
6,28.225
4,6.1
5,3.4
13,6.8
2,6.8
2,7.8
10,20.95
8,15.675
10,12.975
5,10.825
16,13.975
15,15.425
10,26.35
10,18.65
8,8.85
4,22.875
10,17.875
10,7.55
10,28.025
10,9.425
5,34.85
6,29.9
4,34.85
7,14.9
2,18.8
10,30.9
10,13.125
10,5.325
19,30.4
1,7.35
10,28.2
10,9.05
10,7.175
10,8.625
15,8.725
10,13.4
11,18.5
10,20.525
10,6.15
2,19.925
10,15.375
8,20.625
10,11.075
5,15.575
6,10.575
4,4.05
5,50.975
15,9.6
5,30.775
4,4.6
5,30.775
16,16.45
7,10.35
15,20.35
5,8.475
10,24.8
6,13.875
5,3.725
1,21.525
10,19.6
10,2.575
5,9.75
16,4.6
5,19.375
10,3.85
10,12.65
11,7.475
3,21.575
8,5.725
15,21.775
5,13.9
10,25.3
14,4.575
5,11.4
9,28.225
10,24.125
1,10.3
10,23.325
17,25.85
16,5.95
10,5.95
13,3.475
2,27.275
10,33.575
14,9.45
5,2.875
5,11.025
10,4.375
5,11.925
5,3.775
15,12.425
10,10.7
5,4.625
15,22.525
11,4.75
10,38.75
10,12.475
10,10.875
10,49.2
5,17.85
10,56.175
10,17.375
10,17.975
10,20.325
5,15.325
5,27.325
15,22.325
5,35.0
5,34.35
10,40.475
2,10.0
10,22.05
6,27.05
10,32.4
10,19.425
10,1.95
10,1.95
6,14.4
5,15.725
15,7.575
8,18.725
10,23.6
10,7.375
10,5.075
10,16.375
5,5.4
5,18.5
10,16.4
10,9.6
1,6.625
14,8.95
20,12.625
2,26.65
5,20.625
15,20.2
5,19.525
7,30.25
5,30.95
6,25.95
10,30.95
10,25.95
3,17.675
4,22.575
10,21.55
4,16.55
14,16.925
9,16.925
10,25.2
10,17.075
12,11.9
9,25.55
9,14.425
12,28.075
7,8.4
10,13.4
10,19.3
18,14.775
12,12.4
4,21.925
2,13.5
9,16.0
10,30.975
10,38.475
10,5.125
11,5.125
14,17.075
10,27.875
2,19.7
10,14.7
4,2.175
1,2.175
5,15.45
5,10.95
5,6.05
4,6.05
9,21.8
1,9.075
2,3.25
17,3.25
1,11.35
4,14.3
6,5.825
16,14.05
13,7.925
14,16.85
15,19.875
12,14.875
13,11.775
3,11.775
13,21.325
4,8.2
17,11.025
3,15.575
7,22.825
10,12.425
3,16.775
19,34.2
4,22.1
17,40.7
17,15.15
3,18.725
10,31.1
8,52.575
16,46.425
12,9.25
3,17.0
10,5.825
7,16.7
16,26.5
3,36.675
6,6.1
11,24.5
10,19.5
10,16.125
13,21.4
18,5.55
7,19.225
4,13.3
10,13.3
15,6.05
2,29.65
10,7.925
21,22.8
10,24.7
10,33.425
10,6.525
14,43.525
14,17.825
5,4.725
5,26.425
8,14.85
12,1.325
12,1.325
2,4.275
4,16.2
4,1.95
2,25.2
13,17.4
2,14.225
10,18.3
15,18.2
2,18.3
10,9.525
8,6.675
2,23.45
8,7.075
8,28.075
8,15.225
7,31.225
1,8.075
10,13.075
11,18.4
8,14.075
2,2.575
13,16.65
9,24.875
2,4.7
7,2.35
3,2.35
6,6.125
13,6.125
3,18.825
6,18.825
8,11.45
1,21.425
6,14.675
4,31.4
10,7.525
10,7.525
1,13.25
10,19.975
1,8.35
9,23.05
4,3.075
6,19.975
14,19.375
10,19.375
6,9.425
15,9.95
19,5.6
14,15.6
6,3.2
6,5.875
2,14.9
12,4.9
4,30.225
4,9.275
8,17.55
10,14.875
5,22.1
7,11.8
10,7.35
10,40.0
1,44.775
12,12.125
10,14.75
8,47.4
7,2.95
4,2.95
6,8.075
4,18.075
13,2.25
2,2.25
5,2.275
6,10.4
6,23.275
5,20.875
8,1.325
4,22.4
9,9.825
3,9.825
12,3.75
6,3.75
10,4.1
3,4.1
10,7.0
4,7.0
2,12.275
9,12.275
2,10.0
14,19.225
2,5.375
9,22.7
8,10.7
11,12.4
2,20.925
4,3.4
4,12.725
10,5.9
2,6.35
8,13.175
8,11.4
2,22.825
5,13.775
4,28.05
1,11.55
9,6.225
10,13.875
10,8.45
10,16.2
10,5.45
10,18.325
17,5.45
8,16.85
14,17.35
16,15.55
4,13.725
5,17.625
5,8.3
12,40.95
10,59.375
8,40.95
6,59.375
2,35.425
8,35.225
10,3.525
2,3.525
18,6.45
14,6.45
8,2.5
15,7.1
5,13.375
4,13.375
13,1.425
2,10.5
8,3.975
10,7.85
18,9.225
10,7.45
19,22.175
5,0.225
7,6.375
2,12.2
10,12.4
4,9.15
9,16.4
10,4.5
9,16.425
5,4.025
1,27.15
14,4.375
4,20.15
6,6.625
10,27.0
16,7.5
7,7.475
10,4.225
10,30.675
15,5.525
12,15.4
10,9.775
5,5.65
6,7.8
10,21.325
10,29.1
19,16.9
10,22.525
12,36.825
2,36.825
15,9.275
8,9.275
2,6.825
8,6.825
14,8.075
10,8.075
12,21.7
19,21.7
1,22.35
2,22.35
13,24.75
4,4.025
8,6.875
10,15.125
10,6.65
10,43.625
10,12.625
12,18.875
5,19.65
16,2.675
12,11.475
5,8.825
15,5.375
10,7.35
12,18.65
10,10.25
10,2.925
12,17.025
10,18.65
10,10.25
2,22.4
9,6.025
10,9.875
1,37.175
10,30.575
9,6.575
5,15.225
10,7.45
10,34.075
10,36.25
14,145.375
10,7.1
14,12.175
8,12.175
7,14.15
16,14.15
13,3.65
13,3.65
8,6.95
17,6.95
19,20.7
2,31.075
10,31.075
13,20.7
10,30.1
7,37.2
4,9.7
6,22.175
15,32.575
5,6.825
5,7.575
4,6.6
7,19.075
19,24.125
8,24.375
7,24.725
18,9.5
7,2.125
17,9.4
15,21.1
19,1.325
7,11.225
10,13.65
7,25.7
4,14.475
3,6.475
10,6.625
10,6.625
4,14.975
9,29.25
3,11.825
1,16.45
3,17.9
12,38.025
1,18.5
13,32.6
7,25.275
1,32.35
5,29.775
8,29.775
9,9.675
3,9.675
2,9.25
10,9.25
11,9.95
15,9.95
9,2.375
12,12.375
10,3.7
16,5.175
5,9.35
10,16.85
10,10.075
10,30.5
7,7.875
10,0.1
10,9.3
18,4.75
5,9.3
5,14.4
10,15.15
14,7.55
7,10.75
5,13.15
5,13.15
5,15.025
13,3.9
10,3.9
10,17.425
7,10.15
8,20.0
10,12.725
5,14.925
10,19.35
5,1.55
10,29.85
7,28.25
10,39.075
10,39.025
10,16.275
2,17.55
10,17.55
9,4.825
8,4.825
10,4.8
2,11.25
1,6.025
10,6.025
7,22.7
8,7.875
1,3.975
5,4.05
10,13.125
1,13.125
4,0.425
7,6.025
4,19.625
4,3.5
10,3.475
10,9.825
2,5.975
12,4.4
4,9.55
6,6.175
15,4.575
10,16.925
7,17.9
10,5.65
7,18.6
10,8.325
8,3.825
2,18.5
12,27.575
10,14.075
10,5.65
2,12.775
18,14.5
3,17.375
10,5.6
5,5.6
8,7.375
10,18.375
7,51.475
8,47.8
6,5.65
4,5.65
8,7.35
11,7.35
4,5.925
16,5.925
10,1.95
11,1.95
10,18.45
8,18.45
8,20.025
4,2.625
5,16.8
2,16.8
10,14.075
10,15.575
16,15.125
10,17.1
5,15.125
6,17.1
2,5.275
9,1.375
4,17.8
4,5.575
7,9.0
4,6.85
10,13.2
10,4.925
8,12.8
4,12.8
18,22.375
4,7.45
8,10.725
4,48.1
5,5.125
4,7.375
10,4.025
11,9.55
9,7.425
8,3.775
18,22.3
4,12.55
16,27.575
4,29.775
4,37.925
12,39.7
12,56.975
9,11.05
8,12.875
5,4.175
10,7.575
8,7.575
1,2.55
5,2.55
10,3.55
12,3.55
12,6.175
10,6.175
2,5.625
8,5.625
6,3.3
16,9.325
7,7.075
4,7.075
10,3.35
4,3.35
8,12.4
10,12.4
6,5.4
4,11.425
12,6.125
8,6.125
2,7.925
14,7.925
8,2.55
12,12.525
10,27.65
8,3.1
11,6.65
12,3.425
18,7.625
4,18.125
8,4.15
4,4.15
5,30.275
18,5.0
8,41.675
2,7.925
10,3.05
10,0.85
4,6.075
6,12.725
10,29.275
8,6.3
16,29.05
10,12.725
14,19.05
12,12.725
9,0.875
6,0.875
2,20.75
11,28.975
5,14.65
12,29.525
12,15.475
12,22.125
10,16.275
4,8.65
8,16.35
3,11.825
14,10.325
4,60.75
8,24.8
10,69.75
12,26.325
12,0.65
1,4.15
15,34.125
12,13.925
15,13.925
14,17.525
12,13.075
10,14.075
10,9.95
18,7.175
16,7.175
11,2.375
17,2.375
14,20.55
10,13.375
2,20.725
14,20.725
5,12.8
6,21.925
12,21.925
4,21.925
6,5.95
6,3.775
10,19.25
2,11.65
4,14.7
6,8.325
10,0.4
2,10.075
8,11.05
12,7.425
10,12.075
12,8.975
4,1.45
10,9.6
10,10.2
12,7.85
9,42.6
2,15.1
14,2.05
18,6.0
9,4.675
8,23.1
5,18.725
6,15.35
4,9.5
10,22.675
3,28.1
10,11.55
14,13.45
10,8.325
11,19.925
10,8.525
19,31.2
12,5.5
10,22.05
11,12.05
2,10.275
5,10.275
5,1.175
4,1.175
1,6.525
2,6.525
15,19.1
10,12.85
9,27.125
4,27.125
15,10.125
14,13.8
10,13.575
4,6.5
10,4.375
6,7.625
10,17.375
5,5.45
10,30.95
10,6.6
2,13.3
8,23.475
3,24.025
10,8.875
4,21.35
12,12.825
6,13.525
10,30.075
12,23.825
4,9.475
1,27.8
10,9.575
6,7.975
4,7.0
10,0.1
10,12.125
9,26.225
12,18.425
6,4.2
2,4.2
15,12.075
1,38.4
4,11.625
6,20.475
4,14.1
17,49.275
10,25.675
10,16.675
8,4.75
2,4.75
10,6.525
12,6.525
2,11.15
10,11.15
17,6.2
4,6.2
4,17.025
4,7.025
10,17.775
8,3.15
14,7.05
12,17.05
11,5.15
2,37.225
1,32.25
9,22.825
6,34.45
22,13.775
6,1.8
10,34.45
10,3.025
15,15.0
5,21.35
9,8.05
5,14.25
4,13.9
2,18.975
4,1.425
15,30.45
3,20.725
8,19.325
8,9.325
2,44.675
12,20.7
2,24.75
6,31.45
7,0.3
2,20.625
14,13.6
3,23.6
2,14.625
17,14.625
2,14.625
4,14.625
1,124.7
6,19.525
1,15.575
10,15.575
1,20.325
12,15.35
12,24.35
15,1.525
1,35.925
6,8.1
6,5.4
7,35.925
1,19.35
5,35.875
14,38.275
4,11.9
5,57.375
6,21.85
1,23.75
4,28.75
8,63.65
6,1.025
6,18.925
8,19.875
2,48.775
1,25.625
14,13.575
10,13.55
2,25.8
16,30.8
6,17.2
4,28.825
5,17.6
10,12.6
10,8.725
4,5.45
9,6.35
1,0.425
10,16.325
11,8.75
7,18.275
5,22.425
10,16.0
6,19.275
8,20.175
1,7.0
2,20.85
10,46.725
2,21.35
10,13.6
13,8.475
10,18.65
10,10.7
12,28.475
10,30.025
4,35.025
12,24.575
2,14.4
1,17.175
4,32.2
6,9.325
8,30.9
4,21.9
11,26.9
8,23.25
5,16.075
10,17.75
9,12.75
5,40.125
16,27.15
19,40.125
10,1.6
14,0.325
10,16.425
15,0.475
11,16.575
16,12.7
6,17.7
10,12.875
1,5.775
6,20.3
6,24.3
5,22.6
5,24.05
3,5.7
3,13.425
17,7.225
11,26.75
8,12.95
4,20.675
4,15.55
9,10.05
1,11.675
2,24.5
2,25.775
10,2.225
10,6.5
14,2.225
2,8.975
10,30.35
16,12.85
6,7.85
15,14.4
17,20.0
1,27.525
14,9.85
2,6.775
9,27.525
6,17.675
7,23.275
12,5.925
16,13.925
5,5.825
7,13.825
7,9.85
4,8.975
6,3.45
10,29.175
7,17.425
10,31.1
9,52.5
4,13.75
6,30.475
4,14.525
10,30.475
13,7.4
5,29.1
10,14.775
6,26.675
8,21.675
10,0.625
2,0.625
5,31.6
4,12.525
4,18.475
10,19.8
15,22.725
13,18.35
5,19.75
3,14.75
10,15.55
10,64.2
7,10.925
10,36.725
12,11.5
1,37.3
5,14.85
10,20.325
12,26.35
4,14.85
7,28.325
1,17.3
2,24.2
19,19.2
13,7.05
1,12.25
6,12.25
10,28.875
14,29.5
11,34.5
5,24.6
1,28.075
12,10.8
12,13.575
1,16.05
7,11.05
2,2.875
4,16.1
12,7.1
5,7.1
10,18.525
10,18.525
14,19.825
7,16.8
4,10.4
10,15.5
4,44.6
3,25.6
10,11.45
12,46.5
8,11.4
10,22.6
2,14.225
7,12.325
9,15.975
4,24.075
10,18.55
2,18.1
1,5.9
10,19.875
2,5.95
2,7.35
8,10.2
10,5.95
8,20.325
7,5.075
4,9.45
2,20.85
7,5.875
9,13.75
8,4.7
2,9.375
6,11.425
12,6.425
10,18.65
10,28.5
9,30.45
10,35.45
11,53.5
7,37.375
16,56.2
10,27.2
4,28.625
10,11.925
10,15.65
15,27.15
10,6.875
9,27.075
10,5.075
4,17.375
10,22.825
12,20.6
5,11.775
10,9.3
5,32.35
15,6.125
11,32.35
4,11.35
10,23.875
10,11.475
12,24.725
13,26.525
4,14.925
10,9.325
14,23.375
12,5.125
12,18.55
10,46.175
1,9.15
10,17.9
5,14.35
8,13.025
10,11.225
10,18.15
10,4.1
5,10.125
10,16.025
10,16.525
5,15.825
8,9.0
15,12.8
12,13.65
17,14.825
5,14.825
5,18.775
6,23.775
5,5.575
10,42.3
10,7.925
10,2.25
12,7.925
10,44.65
18,22.125
4,45.625
6,12.55
18,17.55
5,0.05
4,9.375
9,20.45
6,31.35
4,32.675
6,18.025
13,8.625
5,21.9
3,11.725
7,11.725
17,32.625
4,0.7
8,31.75
10,13.475
9,6.325
10,50.6
10,0.425
2,15.4
10,58.6
18,16.75
10,27.625
5,17.3
3,19.425
10,28.45
10,5.025
10,24.35
10,24.45
5,27.45
14,28.975
2,14.025
8,24.1
6,36.35
10,4.075
12,24.45
10,8.225
14,48.225
6,6.725
4,17.5
10,3.1
15,25.825
10,6.025
8,11.025
5,5.75
18,2.675
1,8.925
5,8.925
10,1.225
10,13.025
5,23.8
4,3.975
10,14.225
6,26.1
5,11.275
13,14.275
2,8.125
6,26.35
17,17.4
12,26.6
2,13.05
10,20.95
4,12.95
5,8.775
1,19.4
10,18.25
10,17.375
12,12.375
2,19.075
12,8.75
5,22.425
4,24.825
5,3.475
10,3.8
18,9.85
14,14.85
10,10.45
21,9.425
4,2.475
12,34.9
2,15.525
16,16.925
10,3.425
16,21.275
1,8.875
10,13.875
5,3.75
9,6.55
2,8.6
12,29.275
8,9.15
10,26.8
10,10.575
3,8.45
8,28.875
9,33.675
2,8.825
7,39.3
2,4.575
10,25.0
14,3.25
15,29.95
7,6.225
5,29.625
10,34.325
15,9.85
7,26.325
10,21.325
10,17.825
10,2.375
5,23.35
15,18.35
4,30.025
2,15.4
12,16.9
12,4.8
12,19.7
10,20.5
20,45.95
4,20.5
6,17.6
8,6.325
4,24.6
6,13.325
10,25.4
8,30.4
5,11.6
4,6.6
8,12.825
10,4.8
17,11.35
16,7.075
4,8.9
8,38.0
10,18.225
2,8.7
10,1.275
15,22.8
10,26.625
12,15.475
17,40.625
10,16.925
15,8.175
18,13.175
5,26.9
15,9.5
13,15.2
3,14.1
10,25.925
12,13.525
9,2.05
10,16.875
14,28.525
9,2.4
16,18.675
10,37.075
9,16.15
1,18.3
20,19.8
10,30.8
7,7.6
2,22.4
17,26.6
5,4.1
5,26.6
7,10.075
7,26.6
11,4.1
7,14.675
3,2.3
5,12.725
8,9.2
6,17.5
9,54.65
5,8.0
10,54.65
10,15.775
10,10.775
10,22.3
8,7.875
6,22.95
8,7.6
10,6.175
12,2.3
21,6.175
13,2.3
13,18.475
5,3.75
10,6.175
15,2.3
11,18.475
8,3.75
12,3.225
1,8.025
1,10.775
5,22.15
5,12.425
12,13.45
20,13.1
13,13.225
8,17.05
13,13.45
15,12.575
8,17.075
13,13.75
7,3.0
13,21.025
5,13.825
10,8.375
16,21.025
2,10.55
14,13.575
3,11.35
1,10.05
8,24.6
10,9.525
10,55.8
10,24.35
15,25.05
5,13.725
10,19.9
14,14.9
5,39.8
8,11.425
2,5.3
15,39.8
3,14.375
10,32.225
4,51.25
5,20.25
6,22.9
10,5.525
8,40.7
7,7.6
5,22.9
10,5.525
2,2.45
18,12.15
11,23.525
9,14.425
10,44.15
10,10.725
14,13.4
10,23.3
10,4.725
19,18.075
11,9.7
7,23.05
10,5.7
10,12.1
12,9.475
10,14.875
15,15.0
6,16.0
10,12.675
3,5.825
21,5.825
1,12.675
3,9.475
10,13.225
7,8.525
17,20.375
14,3.45
7,11.1
10,3.25
5,15.9
13,8.375
10,10.0
2,8.375
13,4.925
10,7.525
13,11.525
15,2.025
16,8.55
10,4.9
4,10.9
11,27.25
3,9.725
10,10.2
10,10.2
16,6.375
12,6.9
10,18.825
3,5.2
12,6.425
12,15.05
10,16.125
3,7.175
7,13.15
10,7.95
10,16.125
10,1.975
10,16.4
10,2.625
9,7.95
10,2.475
2,16.475
9,21.475
4,11.0
4,21.475
6,22.625
10,27.5
16,8.275
10,5.125
10,7.85
11,7.85
13,3.475
12,19.925
8,29.55
10,29.55
8,18.1
2,3.175
4,13.275
8,13.975
10,4.875
17,9.875
10,73.1
15,6.125
10,2.975
4,4.025
14,9.225
1,3.175
4,17.325
8,4.475
11,16.35
3,13.175
4,5.825
12,14.375
1,12.675
2,7.55
8,9.95
1,1.95
9,7.45
10,12.425
13,28.675
2,3.3
8,17.425
7,12.425
10,6.2
2,8.9
17,19.5
1,1.975
1,1.45
3,2.65
7,3.425
2,7.375
18,17.85
1,7.875
8,4.8
3,19.775
10,2.675
4,15.05
4,19.625
2,30.85
13,17.55
12,33.775
16,24.9
4,19.9
10,0.9
4,23.15
2,26.0
10,2.65
1,26.0
10,3.75
6,16.2
9,12.475
10,6.55
6,11.55
4,0.95
10,12.825
14,4.7
8,3.925
2,16.5
1,14.975
4,12.15
6,17.15
12,18.65
4,16.25
10,9.6
10,16.125
7,26.725
10,4.9
11,0.65
2,0.65
4,2.1
2,2.1
10,3.15
9,3.525
8,10.275
4,20.375
6,13.55
8,5.4
4,22.375
2,7.1
12,21.925
13,14.8
1,3.95
7,1.2
8,5.85
10,9.625
10,11.775
3,6.775
13,11.775
10,10.55
1,9.125
3,4.7
14,43.45
4,12.925
5,32.2
12,3.95
3,14.85
7,5.925
4,3.45
7,3.45
10,13.65
1,4.775
13,5.425
3,10.425
11,4.7
6,3.95
10,30.025
4,110.15
10,30.025
3,12.6
5,21.45
8,8.275
6,31.275
14,7.625
12,3.525
10,5.9
3,0.9
10,5.9
7,4.8
12,18.2
12,18.2
8,4.8
10,3.275
4,3.275
10,3.725
7,8.775
8,13.725
3,13.725
9,7.775
12,37.075
10,16.075
12,46.65
12,16.075
9,2.425
17,10.35
2,5.35
2,10.6
4,5.6
5,47.075
6,25.1
8,9.3
4,23.225
4,2.275
18,25.55
10,20.65
5,2.375
5,6.225
18,9.525
10,11.7
6,6.7
10,7.825
12,6.125
8,13.325
10,17.725
10,5.525
5,5.525
5,0.625
8,21.975
10,8.925
4,15.8
12,15.8
12,3.225
4,2.325
8,7.325
4,9.875
4,11.9
9,7.325
8,2.025
4,17.275
9,12.925
2,0.325
15,0.325
10,16.325
10,2.975
17,22.05
19,27.35
8,17.175
1,12.175
2,12.6
14,5.075
19,10.95
6,11.975
8,8.175
14,2.35
2,5.975
20,8.675
3,8.25
9,3.25
4,5.75
12,1.1
1,6.5
16,2.75
1,5.6
5,7.675
4,21.225
12,11.7
8,4.05
12,8.95
16,10.375
16,14.675
12,11.0
12,10.7
13,19.825
8,12.575
4,9.575
7,14.575
5,7.125
10,10.325
18,3.95
4,12.15
4,6.5
10,6.5
10,22.775
8,22.775
8,0.125
13,26.5
7,32.45
12,32.45
9,7.3
5,2.3
8,12.025
2,8.75
8,12.825
2,17.825
10,16.75
5,39.2
12,18.55
1,65.075
8,13.5
18,21.15
6,68.05
1,12.475
3,14.35
5,12.95
8,16.1
3,5.5
10,10.325
13,16.525
12,10.925
17,10.325
5,2.825
10,37.6
8,11.4
14,6.4
4,4.4
2,39.175
4,27.525
6,22.35
4,30.475
12,11.15
2,6.825
8,9.2
2,6.35
8,11.35
10,9.275
7,8.9
5,6.125
12,10.75
8,6.825
17,23.35
10,9.2
2,11.45
6,13.175
8,11.475
12,13.175
10,10.225
2,3.675
10,16.8
10,5.025
12,0.425
16,23.5
16,7.65
8,13.9
8,4.125
6,12.1
13,7.1
20,7.875
8,23.725
11,37.1
6,16.475
2,50.825
10,25.375
12,24.425
1,6.25
2,14.9
12,9.9
14,9.9
10,2.05
7,11.25
10,9.9
10,15.1
19,15.1
12,4.875
10,15.6
10,18.05
10,16.375
14,1.575
2,1.8
4,20.3
10,1.3
6,30.0
5,3.4
2,9.5
14,6.8
10,16.7
10,12.425
12,10.425
18,0.75
17,8.725
4,21.325
8,1.15
12,22.875
12,20.4
20,10.6
8,15.075
1,2.45
2,20.85
10,5.55
18,31.7
6,14.575
9,19.475
4,16.125
8,5.575
9,36.875
4,12.625
6,5.4
4,21.725
18,16.725
2,8.25
10,0.1
12,10.0
8,5.0
8,16.25
6,19.25
6,17.1
2,14.025
14,14.375
5,17.45
8,15.775
8,1.575
12,37.375
1,5.35
8,2.9
16,10.475
8,11.55
4,3.975
7,2.9
4,31.3
4,36.3
6,12.1
14,4.85
4,16.15
4,10.3
12,13.35
10,5.85
10,6.525
18,9.2
4,2.375
6,12.025
4,4.7
15,9.9
18,9.375
2,15.9
16,6.425
4,15.9
18,10.9
10,9.875
5,0.5
19,23.6
5,4.0
10,0.725
5,4.75
5,5.6
12,22.525
4,30.7
4,12.8
12,14.9
15,10.875
5,12.85
9,11.4
10,5.275
8,14.075
12,7.95
14,4.925
4,19.15
7,8.85
13,13.95
5,14.1
10,16.85
14,11.425
12,20.6
3,14.425
8,7.5
10,8.925
7,6.95
4,11.95
19,12.0
13,2.85
2,5.725
16,16.3
12,9.325
17,16.3
2,4.6
3,9.325
8,2.85
10,9.55
10,7.05
16,6.1
16,17.4
5,3.0
8,6.55
2,26.7
7,19.95
8,9.0
7,15.375
4,0.975
10,16.375
17,11.375
9,0.15
10,18.525
6,9.85
5,20.175
1,3.225
2,4.975
17,23.125
4,3.25
16,10.275
10,10.1
4,10.35
4,5.35
12,10.8
8,13.05
6,21.25
15,0.25
13,17.7
14,3.95
7,7.3
10,3.625
8,7.325
7,21.8
4,16.725
8,13.85
17,21.55
7,10.65
4,55.35
5,12.6
10,27.85
14,62.725
12,29.8
10,11.175
20,7.65
7,10.675
5,8.05
11,27.2
4,8.8
18,19.625
8,8.8
4,2.4
11,7.775
8,14.025
7,0.45
7,15.45
14,9.075
2,7.675
4,9.95
6,8.55
8,6.275
10,11.275
12,5.675
20,9.95
2,19.825
4,8.65
8,18.175
13,16.95
4,10.525
10,14.75
6,8.325
4,16.225
12,10.175
19,21.45
4,0.225
14,20.625
4,13.75
12,11.7
10,3.575
10,11.075
4,6.975
12,11.975
2,16.85
12,0.35
7,10.175
4,12.225
18,0.3
18,7.8
10,6.825
10,10.2
10,5.2
18,10.2
9,5.4
4,9.8
2,16.825
12,15.575
8,5.925
12,20.025
8,5.725
10,9.4
8,12.675
12,23.025
12,23.575
8,19.175
6,29.475
10,7.875
2,20.575
8,12.875
1,10.95
10,18.275
2,5.025
12,9.15
13,9.15
20,14.15
10,28.7
9,15.55
4,29.075
20,30.525
8,9.8
21,0.55
4,1.4
7,10.6
4,16.525
13,4.05
12,1.275
12,4.05
10,3.65
5,26.675
5,32.85
10,6.725
12,35.575
12,12.55
15,15.45
8,10.45
5,11.2
13,13.1
4,2.25
16,21.4
19,2.9
13,22.05
12,36.85
14,27.65
8,11.725
8,6.625
20,11.875
8,8.7
10,10.725
23,2.95
15,13.15
10,12.975
11,1.15
20,14.925
7,4.15
10,5.5
4,9.075
10,8.775
12,6.6
18,20.375
4,6.075
4,21.5
10,7.525
2,27.65
10,0.775
2,13.475
9,1.025
4,13.725
13,40.975
14,9.175
7,49.525
3,40.725
3,2.55
15,12.525
10,21.475
1,7.75
10,23.375
11,16.375
2,47.5
7,11.075
6,28.95
12,26.525
10,10.575
11,32.55
3,23.675
10,18.675
18,23.675
11,0.825
16,19.075
2,10.575
18,23.975
15,18.975
12,10.575
4,14.075
20,15.575
1,10.575
7,57.15
6,19.0
8,0.85
8,0.025
7,14.35
8,17.85
5,3.975
12,19.1
15,4.4
12,22.3
15,4.7
11,1.525
5,14.275
1,7.8
7,13.475
14,14.125
12,16.275
12,19.7
4,4.5
5,4.5
18,15.15
5,20.4
10,19.45
14,16.275
10,4.05
10,21.1
17,32.45
10,3.2
10,6.05
5,2.125
14,21.95
10,11.9
12,22.125
13,9.775
5,21.425
4,22.55
10,0.75
4,22.55
8,16.725
10,11.875
7,11.775
3,10.825
5,1.7
10,12.85
18,1.7
4,4.025
10,25.3
10,4.9
18,2.775
18,2.125
5,2.05
5,3.25
1,14.05
5,10.95
5,11.1
14,16.6
15,23.125
15,2.725
17,23.35
2,2.95
10,6.675
9,17.0
6,3.85
14,37.575
3,6.575
10,32.125
4,33.35
4,11.125
8,2.9
5,10.9
15,11.35
2,6.35
10,10.425
7,3.625
9,6.575
10,13.375
11,5.875
6,5.5
9,17.175
22,21.725
5,5.65
1,20.3
12,16.1
2,20.3
17,17.15
7,17.15
9,17.15
18,16.35
4,5.025
5,9.95
22,2.45
5,30.35
10,33.125
8,5.225
4,6.275
10,11.225
4,6.275
9,11.225
8,10.725
10,13.775
4,12.775
4,9.05
4,13.475
4,19.6
20,14.425
15,3.05
16,14.675
8,9.675
12,15.35
20,18.025
8,18.325
12,21.0
10,5.55
8,11.4
8,14.15
8,11.75
4,26.05
16,14.65
16,9.65
12,14.65
12,8.775
12,3.8
12,2.725
12,2.725
10,9.75
4,9.75
8,12.375
12,9.025
15,14.025
12,9.025
12,16.55
18,14.9
16,2.7
14,2.7
24,23.075
12,2.85
20,32.025
2,5.175
10,2.2
18,10.1
6,2.575
14,11.35
8,13.675
22,10.4
2,7.3
10,12.8
12,2.2
12,4.5
10,7.8
4,11.525
16,11.425
2,7.8
8,11.75
6,11.85
12,11.75
12,23.6
10,26.575
12,1.125
6,26.575
2,1.125
11,19.5
4,5.8
18,2.65
16,2.6
19,7.75
8,5.325
12,10.3
4,7.925
19,3.65
6,10.225
4,3.65
8,7.85
22,2.75
2,7.875
2,3.1
14,8.375
10,2.35
12,3.1
4,5.175
20,5.45
6,2.925
6,18.5
10,5.475
16,10.975
10,1.15
4,9.5
4,12.8
16,3.875
12,8.975
12,8.4
16,7.975
4,12.4
4,7.475
8,8.7
12,8.825
17,3.825
16,2.8
13,9.55
12,10.15
8,4.225
16,3.65
12,7.225
16,12.275
16,2.65
6,12.975
12,9.95
4,8.225
3,13.225
12,6.15
8,12.025
11,16.975
12,7.625
20,8.125
3,0.025
1,6.325
9,15.15
12,4.25
3,7.875
2,16.625
4,10.475
11,0.625
4,12.2
16,95.3
1,6.3
4,12.3
2,10.1
3,1.225
12,0.6
4,7.025
4,8.9
6,16.45
2,20.775
10,18.7
2,11.2
8,12.075
20,8.925
8,5.325
2,21.325
5,4.575
1,4.575
11,12.025
4,12.025
4,11.95
18,11.95
5,10.125
12,10.125
4,13.5
4,2.825
4,11.95
7,11.95
14,14.175
4,5.0
7,14.175
4,4.825
12,2.95
1,3.125
1,4.125
17,8.825
12,12.425
8,3.8
5,6.0
12,2.85
18,11.85
12,15.85
12,15.0
10,7.0
4,5.125
14,15.975
14,5.375
12,12.35
12,6.9
12,1.3
14,6.85
10,10.675
14,4.05
15,4.05
12,1.075
4,3.225
12,21.325
8,1.675
8,1.5
2,8.9
12,2.825
16,30.3
2,12.725
4,6.475
12,12.775
4,2.575
14,18.15
4,10.4
8,4.25
8,3.75
2,9.7
2,6.55
4,7.95
9,9.35
4,10.2
16,8.925
13,17.425
3,10.7
4,19.675
8,11.675
6,10.225
4,19.05
8,11.1
4,11.225
8,0.05
15,0.05
12,1.75
10,1.25
12,12.25
4,20.95
11,6.925
18,8.975
4,9.175
8,15.725
4,9.5
10,3.525
12,15.725
16,3.2
10,15.725
12,3.2
16,10.75
12,5.025
4,4.675
12,10.65
16,15.4
4,4.675
10,0.2
16,0.2
9,4.775
8,3.725
4,8.275
8,7.55
12,16.3
4,5.325
8,4.525
18,9.875
17,4.65
4,8.325
4,7.725
16,8.125
20,17.1
8,0.75
5,10.775
8,5.375
4,23.3
8,10.15
8,11.375
8,13.675
12,9.75
12,4.7
12,9.325
28,11.5
12,14.8
14,9.325
12,9.325
7,6.45
10,12.55
12,2.525
13,17.0
12,8.65
8,12.55
17,8.975
8,6.975
11,9.1
4,9.8
8,0.525
12,3.85
20,5.725
4,2.775
8,15.8
10,15.8
8,6.525
16,0.5
8,8.475
4,2.475
4,9.925
14,10.425
2,16.025
4,2.925
6,8.025
8,0.875
14,8.325
4,10.55
3,4.975
12,7.9
8,5.6
12,6.025
16,8.475
4,15.2
8,6.325
19,13.025
2,3.85
4,5.3
16,3.85
8,9.95
8,2.05
6,29.4
10,11.175
10,12.025
8,4.85
20,13.925
6,13.675
7,3.825
8,22.175
4,14.175
14,12.525
1,13.05
4,6.025
7,13.05
4,23.2
14,1.825
10,8.225
4,19.0
10,11.175
10,6.95
15,3.05
16,6.95
13,1.95
4,3.45
10,6.775
16,25.925
10,11.85
12,9.525
4,11.85
4,6.85
18,11.85
2,1.075
4,1.075
17,14.575
8,12.85
5,3.075
22,12.725
9,4.225
5,32.525
8,8.175
8,10.475
5,11.825
8,17.825
2,6.1
2,27.475
8,7.475
8,12.05
2,6.95
14,11.05
4,17.725
20,3.125
15,10.8
12,20.175
8,23.4
7,7.075
11,4.75
10,23.625
8,6.0
4,8.55
4,8.15
1,11.6
8,9.6
4,2.3
10,18.875
4,2.225
15,9.525
15,18.875
10,31.8
2,0.1
2,2.975
10,10.525
15,29.6
7,25.6
2,7.425
4,26.5
12,10.1
10,5.375
16,2.25
6,12.125
3,4.1
19,4.1
5,8.75
10,3.925
10,4.675
3,9.65
8,10.475
6,1.3
13,10.725
11,4.575
6,9.05
8,9.35
7,14.75
4,10.725
8,11.075
1,18.475
6,19.7
15,5.175
2,5.7
2,5.175
2,11.675
10,11.75
10,5.85
12,15.5
2,20.075
12,14.1
17,7.475
14,1.525
5,9.625
18,1.825
4,2.2
12,4.05
8,11.075
9,4.85
5,13.825
10,1.875
16,2.925
4,7.825
11,6.35
5,0.65
4,6.35
4,0.65
18,8.125
1,12.0
1,13.2
10,7.25
10,7.1
8,9.225
10,11.1
18,30.05
4,7.95
10,2.525
10,10.375
10,29.3
11,13.75
4,7.225
10,20.225
11,11.275
18,4.1
4,4.125
10,6.325
12,7.25
10,10.675
9,11.55
18,21.775
10,11.55
19,7.0
1,6.075
8,11.05
12,0.825
8,12.125
2,23.225
2,23.925
4,4.575
13,0.625
10,5.35
11,2.575
10,4.65
13,4.65
5,3.6
10,3.55
5,4.575
8,8.6
4,7.225
1,11.8
11,14.5
9,6.125
8,11.8
10,8.075
2,1.55
10,9.525
12,4.95
10,6.225
7,10.775
6,11.175
10,4.525
9,11.45
9,9.8
8,5.725
2,24.35
1,11.45
12,9.8
10,5.55
10,6.2
2,10.525
4,9.375
15,3.025
10,3.025
19,5.025
9,5.025
10,3.5
10,17.925
16,17.6
5,17.6
5,3.375
5,21.725
5,12.4
15,23.075
14,25.425
5,14.75
10,12.525
17,12.525
17,13.525
8,4.55
10,7.725
4,4.725
5,36.925
10,13.575
14,2.85
10,11.825
10,0.75
10,0.75
19,23.45
10,0.8
10,22.2
10,2.65
8,22.35
15,6.725
5,5.925
10,5.925
10,13.375
18,6.725
10,18.5
10,2.125
10,10.55
12,9.05
17,8.85
15,5.475
10,13.4
16,11.075
16,10.55
20,11.075
10,15.3
10,4.625
13,6.45
13,10.85
11,7.6
10,9.9
19,13.95
12,4.375
13,3.9
7,3.9
5,11.825
3,6.95
14,12.925
1,14.475
2,14.925
10,8.5
15,21.275
14,1.5
5,14.875
9,22.65
5,23.675
10,20.225
11,1.55
18,10.675
2,12.375
15,8.275
10,4.675
10,7.85
10,10.925
19,7.875
10,14.4
20,9.4
4,2.875
5,16.7
5,3.375
10,5.2
10,22.35
5,15.725
10,11.575
2,2.2
10,4.5
10,6.425
4,9.2
16,7.9
8,7.875
9,0.325
5,3.75
12,5.6
12,13.15
12,8.1
12,23.85
24,8.1
10,7.25
4,24.35
15,9.4
5,5.75
12,5.15
16,9.475
10,12.2
23,5.475
2,5.0
8,7.4
4,6.225
8,6.225
10,10.925
20,4.9
10,22.35
5,10.925
4,24.175
4,13.4
13,4.475
10,22.075
6,5.25
12,10.025
12,1.65
13,1.65
4,18.95
12,5.25
12,16.775
10,5.475
10,10.975
20,19.725
10,10.125
5,12.775
8,1.025
10,9.825
8,11.125
9,7.675
8,5.875
3,10.475
6,2.925
4,7.675
4,7.575
7,12.875
10,10.75
8,10.75
21,8.4
17,6.975
2,6.025
19,27.775
1,11.725
9,33.475
15,19.525
10,15.175
12,24.925
10,8.575
5,1.825
4,1.825
4,10.4
9,3.45
1,13.425
15,15.75
16,11.6
12,8.025
10,13.525
20,12.85
5,7.55
14,19.625
12,16.125
13,9.05
12,16.125
4,21.125
13,34.775
3,4.325
17,19.2
4,4.55
13,3.275
10,5.575
13,7.05
8,9.35
4,18.675
1,17.25
4,30.325
10,36.725
4,30.325
10,11.025
11,2.525
8,13.825
15,10.625
3,6.425
21,34.675
10,9.425
4,14.15
17,9.95
10,5.45
5,7.3
15,15.5
14,19.7
5,20.85
12,5.95
10,6.925
19,26.025
3,8.625
4,12.875
6,12.75
4,1.55
6,11.175
11,4.475
17,15.05
11,0.95
18,12.775
18,16.65
11,13.0
6,3.5
8,4.65
5,10.15
24,13.025
5,4.15
9,9.3
2,14.3
2,2.45
9,14.3
2,19.325
5,14.3
5,7.475
15,14.325
13,15.25
5,21.675
10,15.625
6,4.2
4,11.425
13,15.625
12,7.55
10,23.775
6,24.025
10,16.8
10,35.25
2,6.575
10,11.15
11,18.2
8,11.15
6,8.95
18,28.95
10,17.65
14,8.35
4,30.15
2,4.3
4,34.45
13,4.875
10,4.875
10,3.85
14,3.85
22,5.9
8,6.625
2,35.2
8,31.05
2,31.6
10,12.4
13,4.125
11,3.825
10,7.0
11,12.0
19,42.7
10,14.95
10,31.95
12,17.1
4,17.075
8,3.45
12,32.825
6,9.8
8,24.95
10,24.95
16,8.125
22,8.725
10,21.25
6,8.125
10,18.25
10,7.075
13,8.3
6,7.075
1,6.675
10,6.675
5,15.0
10,15.0
8,15.9
5,15.9
10,3.925
14,14.5
10,15.525
10,15.525
10,2.875
10,2.875
1,8.075
12,11.825
2,11.275
13,11.7
10,20.825
10,14.05
12,20.825
10,14.475
10,17.2
10,14.275
10,20.025
11,0.15
10,11.65
22,13.95
10,22.725
14,11.675
17,11.725
4,8.45
1,40.075
13,13.75
17,8.625
1,5.25
4,7.55
10,21.05
10,6.45
6,10.525
4,13.8
4,5.45
19,4.925
20,3.2
4,23.9
12,3.3
16,11.55
5,4.45
12,2.4
12,22.325
4,13.1
8,27.525
4,21.125
18,6.525
10,23.975
10,21.675
7,31.625
13,23.275
10,7.9
15,3.575
3,4.9
13,3.1
4,3.05
10,13.275
2,19.65
10,43.5
1,2.75
9,35.025
10,15.475
10,12.875
8,13.675
4,23.675
6,8.825
7,8.825
4,1.775
2,1.775
2,10.175
2,10.175
3,9.075
17,9.075
8,14.575
10,14.575
10,14.525
10,14.525
14,10.175
16,7.95
10,5.825
4,5.475
19,9.1
3,2.375
3,9.375
12,9.375
5,33.225
10,19.95
4,6.175
10,16.175
10,8.625
10,34.925
5,12.0
1,17.275
10,5.925
1,38.2
5,17.975
1,4.275
13,20.025
2,17.025
15,6.2
9,6.2
10,50.95
11,17.9
7,13.5
10,4.75
10,11.05
5,11.15
7,5.3
10,12.05
10,6.65
9,13.5
8,16.1
10,6.0
9,6.825
10,0.425
10,4.85
12,18.0
1,12.1
9,6.55
7,4.0
4,6.55
1,25.475
9,11.0
10,15.625
10,8.7
19,6.05
17,6.05
9,13.775
9,15.2
4,24.5
12,11.825
8,4.275
4,4.275
12,6.2
14,6.2
10,8.55
14,8.55
7,18.85
12,18.85
18,22.85
18,22.85
10,25.3
8,25.3
9,11.55
3,11.025
8,6.975
3,26.0
5,10.15
10,13.05
15,10.15
10,7.875
5,37.825
6,14.5
1,46.225
8,36.8
5,16.75
5,24.3
2,39.15
10,8.975
2,16.15
5,12.325
10,5.675
7,20.525
6,7.25
6,18.275
6,21.3
5,11.3
5,14.875
10,15.4
8,3.55
19,16.65
10,9.15
17,8.625
5,11.25
2,24.375
8,12.275
2,25.4
10,7.575
23,5.95
10,5.35
5,9.625
9,28.825
1,4.8
11,8.35
9,0.15
10,13.475
19,18.225
4,9.725
1,39.55
4,3.85
9,17.7
15,4.025
17,4.125
10,4.475
8,6.775
6,12.225
15,22.125
1,24.6
7,21.35
19,15.15
4,21.8
20,24.45
9,5.325
2,12.975
14,5.45
13,13.3
14,13.0
18,22.725
2,16.475
13,9.25
10,9.25
8,7.5
2,7.5
10,12.775
10,12.775
4,4.775
4,4.775
6,8.875
10,24.1
1,24.1
17,24.1
2,24.1
7,8.875
12,5.4
15,29.35
7,3.7
9,3.7
19,20.975
1,17.025
1,3.825
10,3.825
7,17.05
12,35.0
15,11.025
8,17.35
19,14.275
10,12.45
3,5.425
2,11.75
16,4.95
4,23.7
12,5.1
18,4.075
18,4.95
4,4.95
2,4.95
14,19.925
10,5.85
10,5.85
15,18.275
1,0.875
14,20.1
4,5.4
14,13.125
9,19.325
1,7.3
2,17.2
15,9.65
15,14.825
4,14.45
10,13.1
17,4.775
10,17.85
12,9.625
10,15.925
5,7.3
21,10.525
12,10.15
13,10.325
4,25.35
26,3.95
4,15.6
10,9.725
15,18.625
8,8.625
10,13.575
10,13.575
12,17.8
12,17.8
13,17.8
12,17.8
15,12.65
18,12.65
10,7.625
10,25.1
5,16.35
18,23.025
20,9.6
10,7.5
4,8.325
21,14.375
13,5.325
12,5.325
20,5.05
5,3.575
12,15.975
10,3.25
12,4.675
18,31.45
4,50.075
12,13.95
14,17.675
12,9.5
12,4.5
20,2.125
10,13.975
18,11.5
6,74.25
4,14.125
16,26.65
10,46.5
8,27.975
4,23.2
24,17.275
5,12.875
4,28.875
12,19.35
12,8.2
4,6.825
4,13.4
10,12.025
10,13.325
17,12.675
12,7.7
18,47.175
21,23.675
13,33.675
8,8.275
4,8.275
9,11.5
4,11.5
4,16.025
8,4.225
8,16.925
4,16.925
12,15.65
9,7.8
11,8.85
3,18.5
12,8.6
10,8.65
10,25.7
9,4.9
2,16.75
20,2.15
15,3.625
12,3.625
14,3.35
4,20.1
12,18.475
8,12.875
12,11.725
4,18.475
4,8.375
12,5.3
8,1.05
4,7.625
16,6.375
14,17.075
10,10.9
18,21.025
12,22.75
10,12.95
2,10.725
8,11.3
10,6.3
10,12.3
14,13.525
18,11.125
4,9.85
8,15.425
18,3.375
2,7.075
5,10.625
16,17.325
4,7.375
8,17.775
2,8.4
16,14.025
4,7.225
4,26.35
16,10.55
10,29.4
12,8.975
12,11.55
2,20.775
8,20.775
6,12.175
14,9.65
15,43.55
4,25.45
10,47.7
16,20.275
8,12.8
2,5.325
9,38.1
10,12.4
8,18.7
15,8.825
4,13.65
2,13.65
2,11.825
9,30.475
8,18.425
12,32.075
8,44.45
2,5.9
2,4.2
10,16.375
10,45.975
3,7.425
4,4.575
3,18.925
10,7.775
13,16.6
5,0.45
11,13.225
12,5.425
5,4.7
13,13.75
10,7.525
7,26.775
1,65.35
5,11.225
10,28.95
10,8.875
12,8.275
13,10.625
13,6.675
4,5.4
16,11.125
14,9.275
6,6.025
3,8.1
2,10.85
1,11.425
3,4.7
3,4.0
4,6.0
8,4.35
2,7.65
2,4.95
15,9.875
4,18.225
6,1.65
8,22.425
6,10.85
2,10.4
11,10.4
12,7.225
16,12.225
10,27.125
12,6.075
4,27.125
9,6.075
1,27.125
1,4.525
9,36.65
12,6.875
13,2.2
12,8.2
4,21.975
6,8.3
2,14.225
1,16.35
3,7.725
4,5.55
13,17.875
5,5.5
2,43.85
2,6.725
8,20.475
8,15.475
12,22.875
1,11.3
8,16.275
8,11.825
2,15.35
6,7.275
4,16.3
7,4.525
5,9.075
14,9.075
10,21.4
8,29.85
8,25.65
15,5.725
2,11.0
5,12.375
4,7.0
5,17.625
13,11.725
4,10.975
1,3.125
19,3.125
6,4.325
9,1.475
8,13.4
8,4.05
13,5.375
14,8.25
12,4.525
10,10.3
9,10.525
1,3.8
9,10.525
3,4.9
8,6.15
4,3.175
12,7.85
3,4.05
3,23.675
4,4.375
8,23.775
4,7.05
4,11.7
5,14.05
4,19.75
8,22.325
1,13.575
11,6.5
4,6.5
9,4.45
4,11.775
7,8.725
4,7.525
9,9.475
1,16.325
8,11.325
4,33.325
18,6.7
2,7.5
8,28.65
9,15.725
10,10.725
1,6.175
5,18.475
10,4.925
4,22.975
8,5.35
10,8.05
2,7.35
9,5.5
4,10.725
11,1.825
8,12.725
10,7.725
4,9.0
10,12.45
19,26.175
12,3.85
12,26.525
10,4.25
8,31.95
5,2.45
12,14.025
10,6.7
10,14.2
13,4.25
4,2.375
8,19.175
4,1.375
12,1.375
12,8.45
8,13.45
1,24.825
4,7.7
10,33.275
18,8.925
2,15.375
17,33.15
8,34.85
9,3.975
1,35.075
5,12.3
9,19.1
8,14.1
10,14.1
10,3.6
18,4.55
12,12.65
4,18.9
5,5.8
6,4.175
1,8.0
10,25.15
2,4.125
10,5.075
1,10.075
9,7.5
10,3.175
10,15.475
10,6.625
10,7.025
10,22.55
2,15.475
10,6.625
2,2.575
14,6.825
7,4.625
4,10.7
18,11.475
2,9.65
10,35.05
7,14.9
5,16.275
8,3.6
8,6.25
5,2.45
5,6.225
2,4.775
2,18.65
5,6.525
4,28.4
10,15.725
4,30.425
7,3.4
3,16.125
2,5.675
4,13.35
3,13.35
9,22.5
7,22.5
2,24.6
10,24.6
17,25.775
10,25.775
12,28.1
8,28.1
10,5.025
10,2.825
7,10.55
9,41.175
5,12.175
8,2.05
10,9.1
10,12.55
8,0.425
8,41.175
4,11.9
15,45.975
15,12.275
10,10.075
12,1.725
10,1.725
11,1.25
7,13.25
3,27.7
10,4.55
5,27.7
12,4.45
15,7.225
8,5.5
14,9.65
13,20.95
1,0.625
1,22.625
1,19.9
10,3.4
14,2.325
35,2.325
10,18.55
18,16.875
3,16.325
7,20.6
5,10.75
14,20.6
10,17.725
11,21.3
1,25.975
10,24.3
4,18.3
9,12.725
8,9.85
10,25.425
2,6.7
7,6.7
10,10.9
10,40.575
10,14.025
20,33.4
10,14.9
10,20.9
14,0.35
14,26.575
10,42.575
20,12.5
1,42.575
6,12.5
8,2.825
4,23.75
4,8.7
12,8.7
12,11.425
20,32.35
2,11.425
4,10.225
6,11.925
17,11.925
18,1.95
4,12.825
4,10.35
5,7.45
6,8.225
12,9.1
14,2.025
6,12.1
15,11.75
15,15.5
10,3.575
18,25.725
4,6.575
17,4.175
5,17.7
19,6.0
12,6.575
13,6.825
1,2.725
10,2.725
12,8.5
10,17.7
15,10.25
13,2.725
14,15.825
1,0.05
12,12.55
9,20.05
2,0.325
11,0.325
6,3.15
12,31.4
14,8.45
10,12.3
14,10.2
19,18.425
2,8.075
6,16.25
6,6.95
20,15.5
7,12.475
4,0.025
2,5.9
4,2.975
10,13.25
10,8.25
15,15.725
8,14.375
2,3.9
4,3.9
23,6.6
2,3.9
2,5.925
5,48.525
18,11.175
9,51.075
16,4.95
10,16.15
20,17.625
12,14.7
2,16.85
14,5.65
8,1.325
10,7.525
15,3.05
16,15.8
1,18.15
9,15.45
8,3.225
10,3.225
14,2.3
4,7.825
10,22.25
10,6.8
2,2.85
10,8.375
12,4.675
2,8.925
6,4.2
15,4.2
10,4.2
10,4.2
9,20.975
4,5.675
17,1.225
16,22.5
12,1.65
12,22.925
14,9.325
11,15.3
8,6.575
9,22.95
9,26.45
2,17.25
3,4.525
10,3.225
7,0.675
4,9.075
12,4.5
4,23.75
4,1.725
8,9.775
4,3.575
10,10.375
20,8.15
15,15.3
8,32.2
10,0.525
13,19.775
16,18.475
4,5.5
19,7.7
10,12.525
10,12.525
19,12.525
1,7.55
3,19.05
10,14.075
9,14.625
14,9.65
14,20.525
10,20.525
4,3.2
16,5.125
7,3.2
5,4.3
16,2.85
2,19.0
10,5.575
5,2.125
16,10.275
2,11.375
18,6.8
10,48.725
6,15.05
5,11.6
5,12.35
10,8.775
12,31.95
12,4.275
10,8.525
13,18.875
10,6.3
19,21.375
11,6.95
11,9.525
18,20.675
5,4.95
13,16.325
4,10.6
12,20.675
14,15.675
8,18.2
5,10.625
7,7.925
10,17.725
10,54.45
7,14.275
7,17.375
4,13.35
14,9.075
5,18.0
18,0.375
19,4.075
14,9.6
14,27.375
16,10.85
19,28.625
10,14.025
14,3.925
19,19.2
10,4.475
10,20.45
10,16.75
10,8.8
15,20.65
10,9.75
16,10.95
15,4.275
10,15.625
4,11.1
10,17.5
10,11.425
12,16.425
19,12.025
2,15.775
4,15.7
10,10.7
8,14.625
16,10.925
10,13.95
10,13.425
18,3.325
11,6.0
11,9.55
10,15.15
18,20.625
8,2.625
2,6.0
10,11.0
14,6.8
7,8.125
12,5.65
8,8.225
14,7.3
10,1.375
16,7.575
11,15.875
13,4.775
9,12.375
11,16.275
12,14.9
8,18.625
2,25.225
16,26.975
5,24.4
2,10.85
9,6.6
4,11.625
11,14.95
4,34.925
5,23.375
10,34.925
17,18.475
10,6.525
10,18.65
10,5.45
10,3.35
5,20.575
10,13.25
15,9.45
8,14.45
10,26.05
5,12.8
10,10.55
18,23.95
12,26.05
6,12.675
4,13.5
15,24.85
10,14.6
1,12.475
8,14.6
10,19.6
18,4.25
3,14.575
5,15.25
15,19.725
5,9.675
13,10.625
4,10.625
10,11.075
5,10.7
10,11.025
6,6.95
14,6.95
10,10.15
13,15.15
10,16.1
10,1.525
5,11.65
9,9.775
1,11.925
10,10.05
10,6.05
10,11.05
10,8.675
10,2.2
10,14.375
10,15.25
10,22.975
14,16.8
10,22.975
10,5.55
10,22.975
10,5.55
10,9.15
16,6.95
9,14.075
10,2.325
2,6.0
8,12.85
17,12.175
10,3.375
10,1.675
10,12.175
7,12.175
17,3.375
10,5.55
6,4.6
8,4.7
15,5.45
10,11.375
10,3.75
2,9.625
10,8.125
14,60.025
5,12.5
2,12.2
17,6.975
14,2.125
10,20.775
10,2.375
12,7.35
15,4.525
14,13.925
4,13.975
9,1.875
8,6.675
18,11.9
18,7.425
21,9.925
5,19.775
6,6.55
15,25.025
5,8.1
10,13.575
19,21.175
18,4.175
9,2.875
15,24.125
10,13.7
23,6.125
22,8.625
5,5.375
10,6.125
16,10.15
5,21.2
10,32.275
10,9.6
13,32.275
10,2.1
10,7.95
10,16.2
16,8.8
12,3.325
7,8.55
10,17.625
5,6.475
12,2.325
15,19.85
10,6.4
10,8.775
10,20.625
10,11.4
8,11.25
10,20.5
10,11.025
10,3.575
10,7.475
10,27.8
10,8.0
8,30.35
10,13.775
5,11.15
10,2.225
10,16.725
15,9.925
3,5.4
16,1.5
11,4.575
14,6.575
10,14.55
5,19.225
5,37.975
16,3.05
4,2.475
10,13.375
5,10.075
10,9.175
10,10.075
10,33.775
10,8.8
10,22.25
10,2.7
10,36.1
18,22.775
13,40.6
5,22.775
10,2.325
6,6.125
10,25.3
10,9.575
10,5.8
17,8.625
10,4.625
13,10.775
10,6.775
10,10.225
16,10.725
10,8.925
10,9.35
10,10.475
8,12.125
2,10.55
10,12.55
17,14.075
10,49.625
8,14.075
15,49.625
10,15.775
5,8.425
14,6.6
14,2.05
10,4.15
18,25.15
8,4.325
4,19.025
12,27.675
12,6.675
4,42.375
20,27.675
2,14.675
16,3.275
2,4.775
8,3.15
12,11.025
14,5.475
2,8.2
12,13.75
10,21.675
2,16.375
17,20.75
10,2.85
10,20.75
10,9.225
16,7.15
10,17.875
10,9.925
10,8.425
10,2.875
20,19.0
10,8.175
5,15.875
5,11.65
10,6.225
1,7.275
10,11.85
15,4.425
10,27.45
15,6.775
6,1.85
10,2.0
17,4.025
2,17.15
10,3.875
12,1.05
24,4.6
5,1.05
10,4.25
2,14.075
10,11.825
15,15.025
14,6.975
10,11.425
10,12.625
10,11.425
10,9.8
18,4.375
10,22.85
12,5.425
8,27.625
4,23.3
16,4.65
5,15.475
4,6.825
13,15.475
8,6.825
2,4.45
10,9.45
6,11.85
8,2.425
8,3.8
10,7.0
3,8.725
10,10.85
10,12.5
5,9.3
14,15.1
17,5.775
5,7.05
5,6.725
8,18.9
10,2.375
9,11.4
3,30.15
2,8.15
10,4.7
8,32.025
5,6.8
12,24.425
15,18.625
10,2.725
10,10.775
16,5.225
10,3.5
10,6.875
10,8.65
10,14.3
10,9.9
10,8.15
4,6.425
8,0.625
18,20.9
10,2.25
13,4.175
10,17.45
21,10.95
12,3.075
10,11.55
8,8.9
1,8.9
8,10.25
5,10.25
10,11.075
6,11.075
10,11.775
12,11.775
10,14.3
10,14.3
10,8.525
4,8.95
10,9.125
9,7.05
8,14.125
5,9.125
14,2.2
5,1.775
5,6.425
10,8.275
10,7.5
17,7.5
9,10.175
10,15.375
10,8.85
19,3.05
2,10.2
10,40.575
11,9.775
2,2.575
10,9.775
18,1.725
4,0.6
5,4.7
12,2.875
4,2.3
8,6.2
10,2.05
10,4.675
10,9.25
12,16.375
5,6.55
10,18.325
10,13.625
15,9.275
12,7.7
10,12.925
20,15.9
15,12.325
10,6.1
15,17.775
14,13.1
10,1.8
10,6.2
20,4.275
22,9.275
10,18.875
10,17.3
15,11.0
11,5.65
10,17.85
14,6.175
18,7.25
21,16.6
17,25.7
16,12.475
10,16.3
10,0.4
14,9.425
10,13.825
13,9.675
1,4.675
10,8.4
16,13.425
3,4.375
17,14.925
15,14.8
10,5.625
14,5.625
9,26.8
10,2.575
9,4.35
5,37.125
7,8.925
11,14.175
11,4.875
19,11.575
13,6.575
10,8.075
5,3.25
12,44.975
11,0.875
10,0.25
13,2.7
10,3.275
18,0.775
10,5.65
11,8.1
10,6.7
10,0.525
7,25.475
10,2.125
10,8.775
14,14.95
10,15.9
4,3.95
11,6.75
12,16.15
13,3.95
10,7.3
10,24.775
1,11.475
4,27.4
2,0.825
10,6.3
10,8.075
10,27.675
17,20.825
2,3.275
3,1.45
5,5.025
3,7.15
7,9.7
14,5.925
2,4.025
15,7.15
10,13.475
10,12.25
10,7.775
12,0.05
10,1.225
12,2.0
26,19.375
11,3.75
8,4.55
9,41.1
11,41.1
10,4.025
13,0.125
4,22.675
8,49.85
10,15.95
18,3.3
3,6.225
10,4.3
4,5.075
8,5.075
17,2.825
5,33.975
1,4.075
10,2.0
1,11.975
1,2.775
3,8.15
9,10.875
13,0.9
8,24.925
10,6.425
12,24.925
14,6.425
5,30.875
5,5.225
11,11.625
7,9.075
14,1.575
4,11.225
10,5.275
10,11.225
10,13.575
5,5.9
6,12.25
20,18.3
7,8.35
8,8.375
10,14.85
6,6.75
9,6.7
8,14.8
2,7.875
16,12.875
2,17.575
4,19.675
13,7.125
8,9.375
3,5.125
10,7.375
16,31.475
19,7.6
10,7.6
16,4.55
10,7.6
18,4.55
10,12.775
12,7.775
10,6.625
10,28.525
5,1.85
10,3.95
5,0.8
10,16.55
8,23.175
15,12.875
8,3.45
10,3.55
2,21.8
15,6.05
6,8.55
2,2.875
16,9.8
10,8.55
10,1.175
10,2.5
10,11.675
17,9.875
15,10.7
10,9.625
10,11.4
7,9.625
5,11.4
10,9.625
10,6.8
12,12.5
16,6.925
12,12.625
10,5.65
17,8.425
7,11.7
7,24.35
13,17.15
4,25.525
10,5.975
12,2.625
5,5.975
8,2.625
10,30.15
11,12.475
10,1.85
13,21.375
16,17.55
10,7.675
2,1.55
10,8.95
4,4.975
8,4.75
8,6.95
2,7.25
10,6.5
10,15.875
20,26.05
12,6.675
2,26.05
4,6.675
8,6.95
8,3.875
8,9.025
10,10.85
14,7.85
18,1.8
4,5.875
6,6.875
8,2.325
14,9.0
6,4.025
10,8.825
18,2.325
16,9.0
11,4.375
11,11.05
9,7.225
8,8.275
8,20.4
10,1.7
8,56.925
14,9.7
13,6.8
16,9.7
8,0.925
4,10.45
7,3.075
7,8.0
14,3.175
4,10.1
10,14.325
16,11.325
4,7.7
19,11.325
11,8.3
8,3.3
7,4.35
10,15.975
12,9.025
7,4.025
10,5.975
18,8.25
19,15.7
14,2.775
10,9.15
10,8.0
15,7.7
5,5.575
10,0.325
4,12.575
18,10.825
10,9.575
10,1.5
2,13.75
8,12.1
5,7.35
8,15.375
11,7.35
18,7.55
10,13.525
5,8.325
8,7.55
10,7.55
13,19.15
16,6.65
18,24.55
5,10.5
10,8.125
18,6.9
15,4.575
8,6.05
10,16.1
12,13.275
4,2.025
10,14.275
12,4.225
10,14.625
10,16.0
5,12.725
5,7.85
5,6.25
15,10.775
10,10.3
6,5.3
5,11.25
5,2.6
1,6.65
5,7.25
1,19.35
5,4.35
10,3.375
12,7.675
12,2.9
8,12.1
1,6.1
16,6.6
15,13.35
5,8.35
5,22.175
16,44.025
10,70.475
11,7.8
5,7.6
7,18.1
5,6.325
8,6.825
5,9.35
5,37.775
9,6.25
5,38.2
10,10.7
10,8.275
20,12.775
5,8.85
8,1.125
11,4.875
14,21.025
8,19.55
4,23.4
5,21.9
4,11.275
3,7.15
12,5.825
5,13.45
4,20.45
4,13.45
7,5.825
5,13.45
12,11.275
8,7.15
4,11.275
7,19.775
10,22.225
7,17.225
3,22.05
4,19.05
7,20.475
16,20.975
7,23.075
10,0.225
10,5.05
4,3.925
7,3.325
10,4.05
15,4.025
4,2.55
5,10.225
20,15.225
10,11.975
7,3.45
10,14.9
12,18.2
13,21.225
10,8.35
12,5.1
14,15.8
10,10.125
4,16.4
16,4.75
10,42.125
10,0.75
7,3.525
10,30.3
19,0.975
2,6.55
10,13.575
20,7.25
10,3.25
11,50.1
4,8.85
14,15.05
4,10.05
16,1.625
4,11.85
18,3.025
15,13.25
5,10.25
10,15.25
18,2.0
14,12.975
6,23.55
15,2.825
10,16.825
14,3.55
5,7.85
10,6.9
12,12.325
6,9.55
10,4.675
5,9.675
10,3.1
10,5.0
24,22.125
7,5.7
4,4.55
4,6.675
18,9.0
1,11.625
2,9.0
9,11.625
18,18.825
4,10.6
8,13.225
10,12.975
5,14.15
10,9.15
8,5.075
5,4.775
10,3.7
10,9.1
8,10.075
10,5.075
18,1.625
9,12.3
4,5.05
21,5.05
4,4.675
10,4.675
11,9.6
5,9.6
4,3.5
9,9.4
4,4.625
19,9.6
10,13.2
17,2.8
17,4.125
4,15.025
8,13.825
10,3.425
10,4.275
4,6.7
10,2.775
10,4.125
10,5.2
11,4.125
3,5.9
7,7.75
5,2.35
10,3.875
4,6.45
9,11.5
8,6.45
8,6.5
17,17.325
17,10.25
12,3.1
16,9.475
4,5.525
8,17.475
10,7.975
9,10.725
10,0.8
3,11.375
10,2.35
19,2.35
10,7.375
7,34.775
12,3.975
13,2.65
10,2.7
12,7.7
5,12.975
10,5.275
18,2.95
5,7.05
11,6.875
17,14.575
14,4.525
9,2.475
18,0.85
21,4.15
5,7.45
15,11.125
12,2.0
12,14.925
4,4.15
13,8.925
12,8.35
10,13.0
10,10.625
10,0.9
8,16.4
18,2.025
6,8.85
9,1.0
7,5.0
4,10.0
18,6.9
4,12.475
12,2.5
10,6.075
19,6.075
2,12.4
10,7.65
10,5.325
4,4.65
8,3.05
18,13.125
8,9.9
4,11.925
10,4.25
16,7.175
14,4.25
4,3.225
5,14.225
10,3.8
10,15.575
10,14.35
19,15.125
13,15.2
16,14.95
2,20.3
4,7.625
12,4.675
10,8.225
12,8.225
18,3.35
8,6.85
10,1.85
8,2.6
18,3.9
18,5.725
8,3.0
10,3.9
10,3.9
10,113.575
15,7.45
10,112.95
5,9.225
10,25.2
19,4.425
5,6.125
10,2.825
16,1.875
1,6.875
10,0.625
15,16.225
10,5.675
10,9.375
5,12.95
10,2.225
10,0.65
15,5.65
20,15.725
18,9.5
10,1.75
14,6.75
15,9.725
10,0.225
10,0.875
11,15.875
6,7.225
10,2.225
15,20.675
6,1.725
4,23.475
13,3.225
2,31.5
8,6.25
22,18.75
12,11.775
16,6.2
10,6.2
10,6.2
19,6.2
13,9.675
8,12.95
9,0.9
10,12.375
12,4.5
10,17.85
9,5.575
4,17.025
10,9.8
19,5.925
18,9.8
11,5.925
18,10.25
4,5.9
6,4.5
10,3.2
11,7.75
10,8.75
10,15.9
2,15.15
8,7.6
12,0.775
17,14.25
10,12.85
6,8.55
10,8.55
4,7.55
8,7.55
12,6.325
6,9.275
18,14.5
9,7.675
12,3.125
4,7.65
13,7.3
2,3.15
11,11.525
2,13.1
10,13.1
4,6.825
15,2.975
7,2.9
5,14.3
1,10.475
2,25.575
2,198.075
8,13.45
10,18.75
10,14.875
2,2.175
10,6.9
4,4.6
10,6.575
3,4.875
10,5.225
15,181.55
10,10.275
12,3.0
10,7.525
4,12.525
12,10.225
10,12.625
10,8.775
7,3.775
7,3.025
16,3.25
10,5.275
15,10.275
12,18.15
15,4.675
2,13.25
10,8.25
18,11.9
2,15.25
18,18.15
7,4.675
5,9.95
8,2.675
4,8.325
13,12.75
12,7.425
10,12.75
10,4.55
2,4.55
15,252.4
2,17.975
2,16.125
12,5.875
15,11.1
4,30.0
10,29.075
4,0.35
10,4.775
11,8.1
7,13.3
10,22.025
16,16.05
10,19.375
16,23.775
3,10.05
7,3.375
12,3.375
4,17.95
4,62.4
6,8.9
3,13.1
7,6.6
4,6.6
12,6.625
7,32.725
4,8.075
4,34.175
18,23.45
8,27.65
4,28.725
18,4.25
10,8.625
17,0.65
3,16.7
4,6.3
19,11.75
9,2.925
8,6.3
4,6.65
12,11.8
1,17.15
5,8.125
9,8.125
5,43.375
2,10.6
15,8.5
13,15.45
1,1.325
8,19.625
12,7.325
10,2.325
15,10.625
15,6.35
7,3.425
10,3.425
9,16.725
6,15.15
3,15.4
13,18.825
12,12.55
10,17.55
8,5.775
12,5.9
9,15.9
10,4.65
10,20.15
19,15.4
13,16.925
4,1.975
10,8.25
14,3.25
10,3.8
5,8.8
10,0.375
10,27.9
18,29.8
7,9.85
10,8.125
3,6.7
13,7.05
15,10.3
7,9.9
3,13.475
6,15.0
15,10.0
10,0.525
1,0.525
3,8.75
11,7.625
12,13.55
14,7.425
8,6.025
10,17.75
4,5.325
7,5.325
12,7.425
18,11.25
7,13.575
4,8.575
10,29.025
13,17.075
12,4.275
10,12.825
14,5.475
8,9.875
11,3.55
18,23.9
4,10.675
12,3.475
7,4.275
11,11.675
9,6.525
13,9.325
10,11.25
12,18.725
15,12.475
7,7.5
14,21.225
13,16.25
17,5.825
8,10.825
9,32.45
18,8.4
9,2.525
18,5.975
10,26.6
12,27.95
5,28.975
17,25.525
12,25.775
10,8.05
12,6.85
13,16.15
12,12.3
21,4.475
10,10.85
16,30.15
14,31.725
12,5.1
10,4.725
8,8.0
10,0.725
10,14.9
9,13.425
12,5.65
12,14.45
12,4.85
21,4.85
12,5.5
12,7.825
20,18.875
8,1.5
10,1.15
10,9.825
10,6.2
18,7.7
10,25.525
17,16.75
15,11.425
15,1.525
14,6.85
4,15.675
9,14.65
15,3.3
4,28.6
12,17.775
4,14.725
16,3.925
17,3.925
6,4.075
6,9.075
21,7.55
1,7.55
9,10.825
10,4.55
8,14.4
14,21.05
10,14.525
8,20.35
2,9.775
13,12.375
13,12.15
9,10.6
4,16.925
16,16.775
11,0.725
18,14.25
11,3.175
3,4.775
13,16.125
8,6.0
4,21.25
4,2.05
8,3.55
5,3.55
12,0.875
12,27.1
17,6.525
9,7.575
14,4.85
17,9.15
1,8.725
13,19.7
4,12.0
20,17.0
11,2.75
10,7.75
20,14.675
18,18.375
7,0.95
12,19.225
10,12.375
10,8.675
19,5.35
4,5.35
11,13.05
11,8.05
23,6.675
13,14.3
13,15.35
9,7.725
16,8.425
4,13.425
9,15.35
2,7.725
20,4.825
15,6.1
12,13.05
11,11.4
10,6.525
16,20.6
1,14.825
10,10.9
8,26.175
10,25.95
12,9.55
16,21.675
10,6.95
12,11.525
4,12.625
1,4.825
14,7.45
9,16.05
14,9.0
1,13.625
6,10.525
12,16.45
17,7.4
10,16.1
12,4.15
1,1.525
20,7.4
6,4.05
13,4.225
10,4.225
8,10.6
4,8.25
4,12.75
6,14.325
16,1.475
10,1.475
10,22.15
10,20.725
12,19.05
17,8.425
1,2.575
16,12.8
4,11.275
14,7.875
12,7.35
12,15.05
18,14.025
12,12.95
2,13.575
13,17.5
10,15.0
18,62.1
18,3.725
14,18.75
7,67.55
22,20.8
4,2.85
13,4.825
1,4.625
16,11.6
17,13.2
2,8.2
14,42.625
12,0.75
12,10.45
14,2.475
4,5.65
12,25.525
18,0.4
4,29.925
21,4.2
9,4.8
21,13.2
8,4.8
10,14.775
12,5.775
16,27.05
10,22.625
14,8.9
15,17.3
15,11.725
15,23.95
11,17.225
5,10.0
14,60.025
5,0.175
10,5.9
10,7.25
12,6.4
16,1.4
21,7.025
18,16.0
10,26.925
10,20.575
13,38.35
5,12.9
11,27.2
10,11.875
10,32.475
10,22.125
2,18.55
10,18.55
10,23.125
10,23.125
15,8.625
7,42.4
14,42.45
19,8.675
12,10.5
10,6.175
7,11.175
14,6.175
11,15.6
10,6.675
17,14.025
25,9.5
8,5.7
5,44.575
19,14.075
14,57.35
10,7.275
20,28.525
5,15.325
8,10.325
17,30.025
7,46.5
4,46.5
15,12.025
17,5.325
12,14.575
20,11.05
7,20.3
10,30.125
12,13.075
9,20.85
6,46.275
5,4.875
19,8.525
4,16.975
19,18.075
10,4.675
6,9.675
4,26.275
13,2.65
6,30.2
18,9.525
4,11.7
7,13.15
11,4.85
10,9.15
11,13.65
10,41.975
14,11.025
10,13.65
17,10.825
10,5.2
4,14.425
12,10.05
18,14.75
4,6.45
9,11.475
1,23.825
19,12.525
20,2.725
20,0.25
10,5.85
18,9.075
14,8.2
4,8.2
17,13.8
10,7.925
14,16.8
12,13.5
19,8.5
10,11.45
18,2.475
16,9.55
1,16.8
5,8.525
10,8.525
14,12.825
18,9.9
12,10.675
7,2.05
7,4.15
10,12.775
7,6.75
5,21.175
14,21.025
13,11.85
15,13.725
20,18.725
15,19.9
3,5.95
16,8.775
10,32.175
2,13.25
16,41.975
15,15.7
10,10.7
22,19.075
8,14.075
8,19.075
2,4.475
1,12.8
7,22.575
10,7.225
19,30.375
18,30.475
14,1.25
10,8.625
10,6.025
10,13.95
7,5.275
12,16.9
14,8.225
21,9.925
1,7.325
2,15.05
10,6.15
15,18.025
10,12.4
10,10.6
16,8.0
17,11.675
16,12.325
7,12.325
2,6.55
10,5.2
21,21.475
12,11.725
13,19.725
6,6.275
10,8.0
2,9.25
10,12.35
7,16.6
10,9.5
18,9.5
6,14.5
4,4.275
13,10.25
4,4.275
10,10.25
7,0.9
14,5.575
14,4.85
10,26.3
18,3.075
17,8.075
20,27.525
16,29.25
12,5.15
19,29.875
19,6.725
11,19.3
3,17.125
1,15.2
14,10.475
27,15.475
6,15.1
17,11.9
10,8.55
10,6.175
10,6.9
15,30.425
17,5.475
10,32.75
7,5.125
7,32.3
10,23.75
16,32.45
17,4.325
10,9.675
11,36.65
19,3.85
23,36.725
16,3.925
10,0.175
21,7.925
9,3.475
19,8.475
15,11.925
12,7.7
7,14.125
7,6.025
6,10.075
11,11.2
11,11.325
19,21.525
20,21.0
11,6.775
19,6.775
4,10.175
12,9.275
16,4.275
19,21.7
4,5.875
12,14.3
16,19.3
16,14.3
15,9.75
15,12.975
10,17.975
18,19.025
10,12.575
10,19.35
12,14.35
12,5.7
18,11.325
12,14.5
21,19.5
13,11.575
17,16.575
12,12.95
13,22.075
12,14.3
17,9.3
16,4.975
14,14.725
10,10.175
2,8.675
11,5.425
10,7.5
2,6.2
10,15.95
11,20.5
4,6.55
10,27.2
14,22.45
4,10.725
16,24.925
18,22.625
19,27.625
16,18.575
14,27.625
10,17.975
10,12.975
6,14.5
11,0.475
24,0.4
14,14.425
5,9.275
10,14.275
10,17.975
12,11.725
10,14.775
11,11.425
5,14.775
10,12.8
10,10.65
10,34.05
15,20.25
10,20.425
10,9.025
12,9.175
12,8.15
14,9.675
10,15.125
10,7.15
10,19.125
15,12.425
10,19.125
15,12.425
5,14.15
10,15.65
10,8.6
10,15.525
13,11.125
10,17.4
10,27.225
10,0.425
14,10.625
9,7.125
20,8.475
10,2.3
10,6.575
10,7.275
10,10.9
5,4.5
15,25.675
15,10.9
10,18.65
10,4.1
15,20.0
10,28.875
16,10.95
15,28.525
6,6.325
12,8.575
4,8.275
18,12.9
10,8.275
13,27.325
4,18.175
4,7.75
15,11.175
9,13.1
10,15.725
18,35.875
5,57.85
10,4.725
10,4.425
20,25.2
17,5.55
14,22.3
9,25.1
10,6.575
10,8.55
10,13.65
10,21.6
8,14.725
15,10.125
10,5.425
10,7.275
17,12.275
11,14.075
1,2.925
14,13.975
10,5.775
16,4.6
4,16.05
14,16.375
19,43.125
10,3.5
17,12.275
1,3.05
18,13.475
5,19.075
10,4.95
10,21.025
10,11.975
17,10.725
13,14.425
10,2.325
18,15.175
9,15.9
10,32.7
8,11.05
10,35.325
4,33.225
14,6.95
4,33.225
13,14.425
2,18.55
10,4.775
4,45.475
16,5.125
12,7.875
8,2.925
10,34.425
4,9.2
4,15.725
7,10.75
10,21.275
12,10.6
8,0.6
16,42.25
10,43.0
15,1.35
5,17.375
10,7.875
10,17.125
9,45.825
10,9.575
10,2.225
10,17.375
23,7.875
4,15.95
10,15.325
10,11.025
9,24.0
5,6.45
15,7.45
10,7.025
10,26.125
15,13.85
5,24.575
11,8.225
10,8.225
10,14.475
10,12.425
18,18.85
19,7.775
10,17.175
9,23.4
10,23.975
12,4.05
10,3.55
10,30.05
10,6.025
7,7.2
17,10.95
10,9.45
14,13.175
12,3.5
8,10.75
4,15.75
20,8.475
10,18.15
12,9.225
2,9.4
12,12.475
24,17.475
10,12.475
12,21.35
17,7.075
14,12.075
16,0.5
12,26.85
9,29.075
19,16.175
17,8.3
10,16.825
10,18.4
10,18.4
16,16.575
1,11.575
7,8.975
8,12.675
5,12.475
7,11.15
5,20.625
10,16.175
12,13.775
14,11.15
16,11.1
15,22.325
19,14.875
23,4.45
17,10.075
14,15.075
18,18.075
19,13.075
16,4.975
18,16.025
14,18.275
14,0.375
19,19.95
12,10.425
20,7.625
14,12.625
16,11.225
16,15.975
16,19.125
20,12.125
16,22.125
16,3.0
20,9.35
5,28.475
12,7.625
18,31.05
12,10.2
16,10.2
18,11.925
18,33.35
8,25.175
18,34.55
17,8.075
18,9.7
15,7.75
16,39.85
20,42.4
18,9.75
7,11.6
20,0.975
18,14.1
14,15.575
2,33.175
14,14.7
10,12.275
8,24.95
7,9.775
16,34.5
5,14.025
5,9.25
8,11.55
2,11.55
12,3.825
14,16.675
12,16.675
12,40.825
10,11.825
19,3.125
6,3.65
14,14.0
5,4.525
19,14.875
18,7.675
13,11.15
12,9.05
7,19.4
12,10.55
4,30.275
12,8.125
6,34.325
1,10.475
4,0.1
13,11.85
12,1.475
15,29.75
13,11.075
11,12.875
20,17.475
8,8.65
10,8.65
21,16.275
14,16.275
5,18.675
5,13.675
10,4.0
19,4.025
2,13.675
12,13.675
7,13.975
4,13.975
2,8.3
10,42.425
10,9.575
14,33.5
20,22.325
3,18.575
17,24.175
3,19.175
10,6.25
18,11.25
4,11.3
10,5.65
11,13.65
4,13.3
8,10.85
8,15.2
12,22.8
16,6.225
5,3.7
6,2.525
10,9.375
10,4.375
15,2.1
1,4.375
10,25.1
5,9.475
10,11.825
13,8.9
1,9.95
6,15.1
18,5.55
16,35.175
4,13.725
5,18.725
12,4.05
10,19.175
10,17.4
10,4.95
7,15.9
3,8.375
12,10.075
8,15.375
10,18.3
15,23.3
10,22.2
2,10.05
6,22.375
5,32.25
10,17.95
5,32.35
4,3.35
6,21.3
8,3.475
5,8.8
13,10.575
14,12.075
11,11.5
4,6.325
5,13.8
15,8.8
2,12.075
8,7.075
11,12.45
11,3.6
9,3.35
9,8.675
12,11.9
10,11.9
12,12.825
11,7.05
15,10.575
10,5.575
11,30.55
1,54.1
16,40.075
18,8.45
14,26.825
18,6.5
10,53.75
4,6.8
14,8.0
7,0.375
4,58.35
10,20.825
17,2.55
5,6.0
18,10.725
10,5.725
10,4.7
14,7.875
10,12.45
10,10.3
1,10.3
7,5.3
6,6.575
10,13.55
8,22.575
4,4.65
10,2.725
15,4.925
8,12.8
10,16.05
15,7.825
20,5.85
10,25.625
10,12.825
10,8.9
10,26.925
8,9.425
10,4.425
7,12.825
11,2.6
10,32.0
10,17.475
14,3.575
14,22.95
7,5.5
10,11.25
5,1.65
15,7.375
18,12.225
19,11.3
5,5.575
9,0.5
5,5.175
5,0.1
18,11.325
12,7.75
15,20.85
5,15.45
11,17.6
12,4.6
13,17.6
12,12.6
19,18.0
15,36.625
19,12.125
10,6.625
15,21.825
12,4.275
12,19.725
10,25.925
10,13.45
1,8.45
16,13.875
3,5.975
16,22.8
16,8.425
6,17.225
13,8.525
10,11.55
10,12.225
14,8.075
10,8.075
15,12.825
5,7.825
17,31.125
3,26.125
10,27.725
17,5.35
2,7.275
11,12.275
12,6.025
10,6.025
15,34.35
1,8.025
10,30.725
4,10.175
16,11.875
9,8.95
10,13.7
18,13.225
10,15.025
2,10.025
10,32.475
9,10.575
5,1.675
10,12.475
10,11.425
9,6.65
10,8.125
12,6.725
12,8.8
13,7.175
14,7.075
1,14.0
3,13.025
8,7.125
4,13.475
4,8.475
12,13.775
2,9.675
9,27.9
2,0.2
8,12.125
12,7.125
16,2.025
6,5.65
8,30.85
4,3.15
10,2.075
4,14.8
17,4.325
5,2.075
15,4.575
10,6.975
8,3.575
4,11.8
4,21.3
15,8.25
3,15.175
4,10.175
10,15.175
14,15.0
8,28.675
8,33.675
8,8.3
6,28.675
1,0.35
5,7.775
5,5.2
5,10.2
4,38.6
15,10.2
10,7.475
12,12.925
6,2.475
15,7.475
1,6.225
16,1.575
1,9.075
21,4.425
3,4.1
15,14.95
3,17.4
23,12.75
18,2.425
5,16.45
9,7.4
3,16.45
4,9.15
18,9.125
19,9.125
7,18.525
1,4.375
2,9.125
10,20.125
8,15.25
5,9.775
8,19.05
2,3.675
16,5.175
6,9.775
19,4.775
4,10.65
11,11.1
4,13.05
6,5.875
10,11.75
4,9.1
12,7.6
1,23.2
5,1.15
10,6.225
5,29.9
15,11.25
16,11.9
4,16.9
17,6.55
1,6.55
8,6.55
10,4.875
5,12.025
8,7.8
13,12.025
12,2.05
1,15.5
5,10.5
7,17.65
10,1.2
17,17.125
5,22.125
17,17.825
5,11.2
16,8.825
3,13.825
8,3.525
5,7.325
10,4.075
16,12.025
7,21.575
1,11.25
5,20.8
9,15.8
14,8.85
5,8.225
8,25.6
15,8.225
7,27.375
6,5.625
1,10.775
1,5.775
2,8.375
13,26.925
8,6.05
1,27.9
4,38.425
10,5.075
1,7.7
10,5.725
7,11.575
7,6.575
5,14.35
4,6.6
3,14.725
1,20.15
15,0.3
16,21.325
1,0.3
2,18.025
17,14.725
15,16.85
4,14.525
4,19.4
1,21.275
16,19.15
4,4.675
7,5.875
14,3.975
6,5.175
4,2.3
8,22.65
1,5.05
4,10.4
6,12.575
9,7.575
1,17.325
8,4.8
2,6.775
8,4.95
10,12.8
1,7.8
8,10.425
7,9.575
7,3.55
14,3.8
7,11.6
10,10.4
13,4.3
12,3.15
12,9.575
6,9.325
11,22.1
7,10.55
4,24.85
4,5.85
4,12.725
12,4.625
1,9.325
11,37.7
12,12.425
3,7.375
7,24.65
10,8.7
2,8.475
7,8.475
7,0.475
12,0.1
20,8.575
10,7.55
13,18.5
5,8.625
14,10.175
10,8.325
6,7.5
8,7.25
4,4.225
14,10.05
7,6.7
1,0.7
1,4.225
13,10.05
15,5.925
2,17.95
2,2.15
4,0.275
10,9.35
4,10.175
10,8.5
11,10.375
3,42.175
12,7.25
12,3.45
8,10.775
5,30.5
14,10.65
20,1.975
1,11.4
10,16.8
10,3.3
23,5.2
2,14.275
12,12.775
10,26.85
4,4.175
8,4.35
8,10.475
4,14.625
16,12.525
7,7.525
14,19.85
14,3.65
4,15.275
4,5.45
10,2.725
10,30.525
4,19.85
7,6.825
7,7.3
4,7.3
16,11.3
10,11.3
15,14.475
8,14.475
2,15.375
14,12.825
8,25.875
10,2.3
10,22.25
7,3.0
2,3.9
23,28.05
22,15.325
8,12.925
10,19.25
7,26.075
15,21.65
10,26.075
19,1.625
4,18.3
10,3.05
4,5.475
20,17.425
12,3.325
8,2.35
8,29.675
10,21.05
10,9.8
17,17.8
8,14.925
12,10.025
2,14.925
4,16.575
10,39.2
18,13.425
9,40.95
10,9.75
16,4.55
4,6.325
2,11.775
10,6.325
10,15.1
14,9.125
10,9.125
19,9.55
6,16.4
12,39.05
9,9.55
17,35.325
5,12.675
2,8.325
12,19.975
4,8.2
8,10.95
8,15.125
8,22.525
2,18.125
9,10.25
1,12.5
1,27.775
10,26.325
7,34.275
5,7.4
7,7.4
3,10.275
14,1.525
2,18.575
17,9.825
20,19.625
8,19.625
9,20.95
11,20.95
4,8.25
13,5.1
10,12.75
17,6.125
4,17.425
10,31.6
10,16.575
18,19.725
2,21.725
16,11.725
11,9.725
4,16.35
10,8.6
10,18.6
11,15.275
6,10.45
10,12.375
15,15.45
10,5.725
9,5.725
10,21.65
12,4.475
8,9.875
16,6.55
15,11.425
2,12.975
12,3.925
2,18.425
6,14.675
1,18.2
10,22.05
11,16.65
17,6.375
18,38.075
2,36.175
2,46.175
15,6.65
3,6.65
16,21.025
4,21.025
16,24.375
4,2.775
9,24.375
13,2.775
3,23.075
15,23.075
15,26.475
2,26.475
1,24.4
4,24.4
10,7.925
10,7.925
10,11.975
6,14.05
10,12.7
5,15.8
5,9.3
16,13.525
17,13.45
7,15.55
10,13.225
8,14.525
14,18.225
15,18.175
10,4.075
10,26.5
1,3.975
17,15.6
6,7.475
9,20.3
4,6.85
11,23.5
1,15.2
18,10.675
2,13.35
13,18.375
7,4.575
1,4.575
1,8.475
12,2.725
16,9.025
8,9.025
6,14.625
1,19.15
6,27.4
10,42.275
14,24.475
6,14.475
16,53.325
10,32.375
1,9.55
11,9.55
14,16.0
14,16.0
12,16.225
12,2.525
6,5.925
6,5.925
16,18.875
16,18.875
4,1.95
12,21.3
15,1.35
10,9.25
12,11.0
14,8.375
6,17.7
14,7.7
2,9.05
15,11.8
8,4.35
1,30.85
9,13.475
1,2.2
16,10.55
16,3.325
4,6.175
6,18.975
10,8.225
18,51.9
15,63.1
4,55.375
12,14.65
6,17.325
8,28.075
10,3.325
10,6.075
14,6.075
12,7.9
8,29.475
10,9.925
11,31.5
10,25.675
14,6.65
9,36.25
14,11.85
10,6.725
10,6.725
15,63.5
